Dates;Open;Close;High;Low;Value;Volume
43160,375;246;245,35;246,3;245,35;7066879;28736
43160,38194;245,5;245,1;245,7;245;3134605,75;12778
43160,38889;245;245,2;245,65;244,85;3150735,5;12848
43160,39583;245,15;246,05;246,15;244,8;2432498,75;9906
43160,40278;246,05;245,9;246,45;245,8;1585923;6444
43160,40972;245,95;246,1;246,4;245,95;2009046,38;8163
43160,41667;246,05;245,25;246,05;245,1;1705889,38;6949
43160,42361;245,25;244,9;245,25;244,7;2004594,75;8184
43160,43056;245;245,15;245,55;244,85;1284167,38;5236
43160,4375;245,1;244,2;245,4;244,05;1940305;7932
43160,44444;244,2;244,25;244,35;243,45;3729161,25;15288
43160,45139;244,15;243,65;244,3;243,6;3872008;15872
43160,45833;243,65;243,6;244;243,6;3026054,25;12414
43160,46528;243,6;243,5;243,9;243,45;1523474,5;6254
43160,47222;243,45;243,5;243,65;243,2;1395679,25;5734
43160,47917;243,55;243,55;243,75;243,4;1488478,13;6112
43160,48611;243,55;243,8;243,8;243,45;984732;4042
43160,49306;243,9;244,15;244,15;243,75;1247086,5;5113
43160,5;244,15;244,5;244,5;244,1;835458,19;3420
43160,50694;244,5;244,15;244,5;244,1;1178106,38;4823
43160,51389;244,15;243,6;244,3;243,6;653182,75;2677
43160,52083;243,6;243,45;243,8;243,4;800884,5;3288
43160,52778;243,4;243,5;243,5;243,3;1184666,75;4867
43160,53472;243,5;243,75;243,9;243,45;2338055,75;9597
43160,54167;243,7;244,2;244,25;243,55;2694654,75;11052
43160,54861;244,2;243,9;244,2;243,85;610689,88;2503
43160,55556;243,9;243,9;244,1;243,8;728624,13;2987
43160,5625;243,9;243,7;244,1;243,6;552997,81;2268
43160,56944;243,65;243,4;243,7;243,4;755105,56;3100
43160,57639;243,4;243,4;243,45;243,2;552643,88;2271
43160,58333;243,4;243,5;243,55;243,2;704608,63;2896
43160,59028;243,45;243,1;243,45;243,1;934936,75;3843
43160,59722;243,05;242,9;243,05;242,85;626829,5;2580
43160,60417;242,95;243,65;243,7;242,95;628012,19;2580
43160,61111;243,7;244,25;244,25;243,7;1606565,88;6582
43160,61806;244,2;244,2;244,55;244,1;643922,69;2635
43160,625;244,3;244,45;244,5;244,1;1838879,88;7526
43160,63194;244,45;244,45;244,65;244,4;1275635,13;5217
43160,63889;244,4;243,85;244,4;243,85;1388456;5688
43160,64583;243,9;243,4;244,2;243,35;1895986,25;7776
43160,65278;243,35;242,85;243,35;242,8;1607100,63;6613
43160,65972;242,85;241,95;242,9;241,65;3999848,75;16516
43160,66667;241,95;243;243,45;241,75;2683775,5;11059
43160,67361;243;243,35;243,65;242,65;1914729,88;7877
43160,68056;243,3;244,1;244,1;243,15;1753988,63;7201
43160,6875;244,1;244,5;244,9;243,95;2466277;10089
43160,69444;244,5;244,05;244,55;243,8;2164245;8865
43160,70139;244,05;244,05;244,25;243,65;3924491,5;16087
43160,70833;243,95;243,85;244,2;243,75;3167026;12981
43160,71528;243,8;243,9;244;243,4;5418556,5;22240
43160,72222;243,9;243,9;244,15;243,7;4392247,5;18006
43160,72917;244,1;244,1;244,1;244,1;57025436;233615
43161,375;241,75;240,6;242,2;240,5;6411908;26588
43161,38194;240,55;241,75;241,75;240,4;2660650,75;11034
43161,38889;241,75;242,15;242,35;241,55;4113062,75;16995
43161,39583;242,2;241,95;242,4;241,65;2765438,5;11429
43161,40278;242,05;242;242,1;241,7;1841052,75;7611
43161,40972;242;241,75;242,15;241,65;2142389;8855
43161,41667;241,8;241,45;242,1;241,4;2790035,5;11543
43161,42361;241,4;241,25;241,6;241,05;2650385,75;10981
43161,43056;241,25;240,05;241,25;239,85;5847103,5;24328
43161,4375;240,05;240,15;240,2;239,5;4172089,25;17388
43161,44444;240,1;240,25;240,65;239,95;2174841,25;9050
43161,45139;240,25;240,6;240,8;240,2;2628765,25;10929
43161,45833;240,7;241,15;241,25;240,7;2951164,5;12247
43161,46528;241,15;241,05;241,55;240,95;2606815,5;10804
43161,47222;241;240,95;241,25;240,9;1420641,25;5894
43161,47917;241,05;241,05;241,1;240,9;3013575;12505
43161,48611;241;240,85;241,05;240,75;2005573,5;8325
43161,49306;240,8;241,4;241,45;240,8;4703663;19502
43161,5;241,4;241,1;241,4;241,1;3449101;14301
43161,50694;241,05;241,05;241,05;240,75;3066587;12728
43161,51389;241,1;240,6;241,15;240,55;644077,56;2675
43161,52083;240,55;240,95;240,95;240,4;1030704,13;4283
43161,52778;240,95;241,2;241,25;240,7;837273,19;3475
43161,53472;241,25;241,25;241,5;241,25;1307256;5416
43161,54167;241,05;240,85;241,05;240,65;798462,81;3315
43161,54861;240,85;241,1;241,15;240,8;1130652,88;4692
43161,55556;241,1;240,8;241,25;240,8;789787,06;3276
43161,5625;240,75;240,7;240,95;240,55;1112515,38;4621
43161,56944;240,65;240,5;240,65;240,35;918534,31;3819
43161,57639;240,55;240,2;240,7;240,15;824832,5;3432
43161,58333;240,25;240,6;240,6;240;2112335,75;8791
43161,59028;240,5;240,8;240,8;240,5;951732,69;3955
43161,59722;240,75;240,65;240,8;240,55;648809,75;2696
43161,60417;240,65;240,8;240,95;240,5;2195545,25;9118
43161,61111;240,8;240,9;240,95;240,65;1585016,38;6582
43161,61806;240,85;241,15;241,25;240,85;1121202,5;4650
43161,625;241,15;241;241,2;240,9;1736920,75;7207
43161,63194;240,95;240,95;241;240,75;1649512,38;6849
43161,63889;241;240,95;241,1;240,8;982153,38;4076
43161,64583;241;240,65;241,25;240,6;2235374,75;9277
43161,65278;240,55;240,6;240,8;240,2;3635179;15116
43161,65972;240,6;241,05;241,15;240,4;4203116,5;17453
43161,66667;241;241;241,3;240,9;3169539,25;13150
43161,67361;240,95;240,5;241;240,4;3422079,75;14217
43161,68056;240,4;240,2;240,65;240,1;4532392;18849
43161,6875;240,1;240,35;240,65;240,1;2215267;9215
43161,69444;240,35;240;240,55;239,9;3448202,25;14355
43161,70139;240;239,4;240,05;239,4;6413134;26760
43161,70833;239,4;238,6;239,4;238,45;6098157;25530
43161,71528;238,6;238,05;239,05;238;4725464,5;19813
43161,72222;238,05;238,85;239,25;238;6730505;28199
43161,72917;238,75;238,75;238,75;238,75;57086792;239107
43164,375;238,45;239,65;239,75;237,55;4031501,5;16890
43164,38194;239,65;240,35;240,45;239,55;2155148;8977
43164,38889;240,3;240,25;240,55;239,95;4532662;18861
43164,39583;240,35;240,4;240,9;240;1925684,25;8009
43164,40278;240,35;240,85;241,5;240,35;1985408,88;8235
43164,40972;240,85;240,8;241,05;240,7;1652316,75;6860
43164,41667;240,75;240,65;241,15;240,65;1411221,25;5858
43164,42361;240,7;240,35;240,95;240,3;1418902,13;5896
43164,43056;240,4;240;240,5;239,85;1243970,88;5180
43164,4375;239,95;241,1;241,1;239,95;2577761,25;10718
43164,44444;241,1;241,55;241,75;241,05;2634100;10912
43164,45139;241,45;241,1;241,75;241;2943408,5;12193
43164,45833;241,15;241,15;241,35;240,85;896289,88;3717
43164,46528;241,05;240,95;241,1;240,75;716514,38;2974
43164,47222;240,95;241,25;241,4;240,95;1024558,06;4248
43164,47917;241,2;241,65;241,7;240,95;996788,44;4132
43164,48611;241,7;241,5;241,75;241,3;898235,63;3720
43164,49306;241,4;241,3;241,4;241,1;743390,94;3081
43164,5;241,3;241,2;241,35;241,1;849346,38;3521
43164,50694;241,3;241,15;241,4;241;577203,63;2393
43164,51389;241,1;241,05;241,35;241,05;417753,13;1732
43164,52083;240,85;240,45;241;240,45;849909,94;3530
43164,52778;240,5;240,55;240,55;240,35;467754,28;1945
43164,53472;240,5;240,6;240,6;240,3;960733,31;3995
43164,54167;240,6;240,15;240,7;240,15;574574,06;2389
43164,54861;240,15;239,95;240,15;239,85;741250,19;3089
43164,55556;239,9;240;240,05;239,8;578046,38;2409
43164,5625;240;240,1;240,25;239,75;590073,44;2459
43164,56944;240,1;239,9;240,15;239,9;516829,69;2153
43164,57639;239,85;239,55;239,95;239,5;427092,81;1782
43164,58333;239,6;240,2;240,25;239,6;1612472,13;6722
43164,59028;240,2;240,7;240,85;240,1;1370729,5;5700
43164,59722;240,7;240,55;240,7;240,45;518445;2155
43164,60417;240,55;240,65;240,85;240,55;639779,69;2658
43164,61111;240,6;240,3;240,7;240,25;1106925,13;4604
43164,61806;240,25;240;240,4;240;652241,19;2716
43164,625;240;239,85;240,05;239,8;715113,13;2981
43164,63194;239,85;239,7;239,9;239,6;740326,31;3087
43164,63889;239,7;240;240;239,7;1118384,88;4663
43164,64583;239,95;240,3;240,35;239,85;2860262,5;11915
43164,65278;240,3;240;240,5;239,85;1917604,88;7984
43164,65972;240,05;240,15;240,2;239,9;1264776,13;5269
43164,66667;240,3;239,65;240,3;239,65;1493552;6222
43164,67361;239,65;239,35;239,75;239,15;2413660;10084
43164,68056;239,35;240,05;240,2;239,35;1262951,63;5264
43164,6875;240,15;240,25;240,4;239,7;2204332,75;9181
43164,69444;240,25;240,35;240,65;240,1;1394731;5801
43164,70139;240,4;240,95;241;240,35;2547889,75;10587
43164,70833;240,9;241,05;241,2;240,65;2518837,75;10453
43164,71528;241;241,2;241,2;240,85;3973435,5;16483
43164,72222;241,25;241,25;241,35;241,05;2552721,25;10584
43164,72917;240,75;240,75;240,75;240,75;48871052;202995
43165,375;242,45;242,1;242,5;241,45;4115767;17002
43165,38194;242,1;241,55;242,15;241,55;2155009,75;8912
43165,38889;241,5;241,65;241,8;241,35;1413124,13;5850
43165,39583;241,7;242,15;242,3;241,6;2655054,5;10975
43165,40278;242,15;241,75;242,15;241,6;1413925,5;5847
43165,40972;241,75;242,15;242,2;241,75;1124062;4645
43165,41667;242,15;242,9;242,9;242,15;1334333,88;5498
43165,42361;242,85;243,15;243,15;242,8;1170532;4818
43165,43056;243,25;243,1;243,25;242,75;581631,13;2394
43165,4375;243,1;243,2;243,4;243;866281,38;3562
43165,44444;243,2;242,9;243,2;242,75;1066312;4388
43165,45139;242,9;243,4;243,65;242,85;2801750;11513
43165,45833;243,45;243,55;243,65;243,1;1435666,75;5899
43165,46528;243,5;243,75;243,8;243,25;814490,94;3345
43165,47222;243,95;243,7;244;243,45;1410643;5788
43165,47917;243,7;243,95;244,2;243,6;957966,5;3927
43165,48611;243,95;243,7;244,25;243,6;1572137,38;6444
43165,49306;243,65;243,4;243,75;243,4;615794,88;2528
43165,5;243,4;243,45;243,55;243,05;684138,38;2811
43165,50694;243,4;243,6;243,8;243,3;1307519,25;5368
43165,51389;243,6;243,3;243,65;243,3;664124,75;2727
43165,52083;243,35;243,15;243,55;243,15;557966,31;2292
43165,52778;243,15;242,8;243,15;242,7;463032,09;1907
43165,53472;242,85;242,8;242,9;242,65;504427,5;2078
43165,54167;242,85;243,2;243,2;242,85;2961148,5;12189
43165,54861;243,15;243;243,15;242,9;924923,56;3807
43165,55556;243;242,75;243;242,6;861129,69;3547
43165,5625;242,8;242,3;242,85;242,2;1514000,75;6242
43165,56944;242,35;242,35;242,6;242,35;465762,91;1921
43165,57639;242,3;242;242,3;241,95;877487,13;3625
43165,58333;242,05;242,15;242,45;242;885940,13;3658
43165,59028;242,1;241,9;242,1;241,9;860656,19;3556
43165,59722;241,85;242,15;242,2;241,75;692871;2864
43165,60417;242,2;242,85;242,95;242,2;946432,56;3901
43165,61111;242,95;243,1;243,35;242,9;1861833,25;7660
43165,61806;243,1;242,8;243,15;242,8;2570254;10578
43165,625;242,85;243;243,15;242,65;2095914,25;8628
43165,63194;242,95;242,7;242,95;242,5;2600470,25;10717
43165,63889;242,7;242,9;243,05;242,5;1251406,75;5155
43165,64583;242,85;242,4;242,95;242,15;2564756,25;10571
43165,65278;242,35;242;242,5;241,65;2425878;10024
43165,65972;242,05;243,15;243,25;242;2627337;10831
43165,66667;243,15;242,2;243,2;242,2;2307197;9510
43165,67361;242,25;242,85;242,9;242,2;1479873,63;6104
43165,68056;242,85;243,05;243,25;242,7;1643115,63;6760
43165,6875;243,05;243,2;243,3;243;2227852,5;9164
43165,69444;243,2;242,7;243,3;242,65;1442297,75;5935
43165,70139;242,7;242,5;242,7;242,35;4079970,75;16823
43165,70833;242,5;242,3;242,65;242,15;1577901,25;6510
43165,71528;242,3;242,65;242,8;242,15;1643088,5;6776
43165,72222;242,65;241,6;242,65;241,55;2788114,75;11520
43165,72917;241,35;241,35;241,35;241,35;35144900;145618
43166,375;240,75;240,05;241,15;240,05;1135095,5;4719
43166,38194;240,1;240,35;240,5;239,35;2071309,75;8634
43166,38889;240,4;240,7;240,75;240,4;858107,38;3566
43166,39583;240,65;240,05;240,8;239,95;1113767,75;4636
43166,40278;240;240,45;240,45;240;1271322,5;5293
43166,40972;240,45;240,1;240,55;240;756653,13;3149
43166,41667;240;239,85;240,2;239,75;665266,38;2772
43166,42361;239,9;239,9;239,9;239,6;1200443,5;5007
43166,43056;239,85;240,5;240,55;239,85;1231983;5127
43166,4375;240,55;239,9;240,55;239,8;2335229,25;9730
43166,44444;239,85;239,8;240;239,55;2685187,25;11198
43166,45139;239,75;239,75;239,9;239,75;1235082,75;5151
43166,45833;239,7;239,95;239,95;239,65;707983,88;2953
43166,46528;240,05;240,15;240,3;240,05;464013,84;1932
43166,47222;240,2;240;240,2;239,9;693273,31;2889
43166,47917;239,9;239,7;239,95;239,7;750263,19;3128
43166,48611;239,75;239,65;239,8;239,55;504282,09;2104
43166,49306;239,6;239,5;239,7;239,35;970152,81;4051
43166,5;239,45;239;239,45;238,95;1081573,88;4522
43166,50694;238,95;238,95;239;238,6;1125148;4711
43166,51389;238,95;239,1;239,2;238,75;552553,06;2312
43166,52083;239,15;239,15;239,35;239,15;561046,88;2345
43166,52778;239,25;239,15;239,4;239,05;1020745,69;4268
43166,53472;239,1;238,95;239,2;238,75;955677,13;4000
43166,54167;239;239,6;239,9;239;3117446,25;13012
43166,54861;239,65;240,05;240,2;239,65;1713794,5;7145
43166,55556;240,05;240,3;240,35;239,85;783702,06;3265
43166,5625;240,25;240;240,25;239,95;454479;1893
43166,56944;240,05;240,05;240,05;239,9;364037,31;1517
43166,57639;239,95;239,95;240,3;239,9;881501,63;3672
43166,58333;239,9;239,5;239,9;239,45;736006,5;3071
43166,59028;239,5;239,8;239,8;239,45;537256,19;2242
43166,59722;239,8;240,25;240,4;239,8;1004065,06;4180
43166,60417;240,2;240,25;240,35;240;924407,5;3849
43166,61111;240,2;239,9;240,25;239,8;602136,81;2509
43166,61806;239,95;240,15;240,2;239,9;429510,5;1789
43166,625;240,15;240;240,25;240;1190771,5;4959
43166,63194;240,05;239,95;240,35;239,95;590802,88;2460
43166,63889;240,05;239,7;240,2;239,6;682975,56;2847
43166,64583;239,7;240,4;240,5;239,65;1024839,75;4266
43166,65278;240,45;240,1;240,7;239,95;1894362,63;7884
43166,65972;240,1;240,05;240,3;240,05;1119710,63;4662
43166,66667;240,05;240,3;240,35;240;1253790,75;5220
43166,67361;240,25;240,15;240,55;240;1004341,31;4180
43166,68056;240,15;240,4;240,75;240,15;1328849,25;5525
43166,6875;240,4;241,2;241,3;240,3;2261840,75;9388
43166,69444;241,3;241,9;241,9;241,2;2057664,63;8522
43166,70139;241,95;242,2;242,35;241,8;2960026,25;12231
43166,70833;242,25;241,9;242,4;241,8;4829132,5;19937
43166,71528;241,85;241,2;241,95;241,2;1862042,88;7709
43166,72222;241,2;241,7;241,75;241,2;965525,13;4000
43166,72917;241,2;241,2;241,2;241,2;43079048;178603
43167,375;241,2;242,1;242,9;241,1;3560435,25;14716
43167,38194;242,2;241,7;242,35;241,7;1673470,63;6913
43167,38889;241,8;241,45;242;241,45;911187,88;3771
43167,39583;241,5;241,7;241,7;241,4;1206385,63;4995
43167,40278;241,7;241,85;242;241,6;710755,19;2940
43167,40972;241,85;242,3;242,3;241,85;1291914,5;5337
43167,41667;242,3;242,45;242,45;242;875596,06;3615
43167,42361;242,45;243,25;243,4;242,45;1263677,5;5200
43167,43056;243,25;243,5;243,5;243,05;639172,75;2628
43167,4375;243,45;243,25;243,5;243,15;875527,38;3598
43167,44444;243,2;242,95;243,25;242,85;639138;2630
43167,45139;242,95;242,2;242,95;242,2;1149470,25;4739
43167,45833;242,25;242,1;242,35;242,05;1529942,38;6317
43167,46528;242,1;242,05;242,2;241,9;576707,81;2383
43167,47222;242,05;242,25;242,4;242,05;483470,22;1996
43167,47917;242,2;242,15;242,25;241,95;850277,5;3513
43167,48611;242,1;242;242,15;241,95;293627,91;1213
43167,49306;242;241,95;242,15;241,85;337248;1394
43167,5;241,95;241,75;242;241,65;294520,94;1218
43167,50694;241,75;242;242,05;241,75;413148,75;1708
43167,51389;242;242,2;242,2;242;297526,66;1229
43167,52083;242,15;242,1;242,35;242,1;703991,75;2906
43167,52778;242,05;242,35;242,35;242;662835,5;2738
43167,53472;242,35;242,25;242,4;242,2;362946,75;1498
43167,54167;242,25;242,55;242,55;242,1;417812,78;1724
43167,54861;242,6;242,85;242,9;242,55;755739,81;3113
43167,55556;242,9;242,75;243;242,75;361401,53;1488
43167,5625;242,7;242,7;242,7;242,6;346298,66;1427
43167,56944;242,55;241,9;242,6;241,75;1793174;7404
43167,57639;241,9;242,25;242,3;241,9;632450,75;2613
43167,58333;242,25;242,2;242,5;242;463910,91;1915
43167,59028;242,2;242,55;242,7;242,2;552908,5;2281
43167,59722;242,55;242,65;242,8;242,55;1351273,5;5568
43167,60417;242,75;242,75;242,8;242,55;2330366,5;9605
43167,61111;242,7;243,5;243,5;242,7;1042434,44;4288
43167,61806;243,45;243,55;243,7;243,35;954017,38;3918
43167,625;243,6;244,3;244,3;243,6;1589452,38;6515
43167,63194;244,2;244,75;245,15;244,2;2211990;9040
43167,63889;244,85;244,8;245,25;244,6;2644163,25;10795
43167,64583;244,8;244,6;245,25;244,6;1798323;7343
43167,65278;244,6;244,5;244,75;244,3;1987009,75;8126
43167,65972;244,5;244;244,55;243,85;2051860,63;8402
43167,66667;244;244,05;244,25;243,8;1514375,5;6206
43167,67361;244,15;244,35;244,6;244,15;1039423,06;4253
43167,68056;244,45;244,7;244,8;244,45;3270033;13364
43167,6875;244,7;244,4;244,9;244,4;1071749,75;4379
43167,69444;244,4;244,55;244,65;244,3;1144821,13;4683
43167,70139;244,5;245,05;245,05;244,45;3929430,75;16057
43167,70833;245,1;245,1;245,4;244,95;1733552,13;7073
43167,71528;245,15;245,7;245,8;245,15;2773314;11292
43167,72222;245,7;245,6;245,75;245,45;3601046,75;14658
43167,72917;245,6;245,6;245,6;245,6;50920748;207332
43168,375;245,55;245;245,55;244,8;4262578,5;17378
43168,38194;244,95;244,4;245,1;244,35;3507226,25;14336
43168,38889;244,35;244,95;245,05;244,25;1768809,88;7229
43168,39583;244,95;244,05;245;244,05;2391111,25;9781
43168,40278;244,05;244,9;245,15;244,05;2872242,25;11740
43168,40972;244,8;244,5;244,8;244,5;759523;3104
43168,41667;244,5;244,05;244,6;243,95;2279521,25;9335
43168,42361;244,1;244,2;244,55;243,95;1787445;7319
43168,43056;244,15;244,05;244,25;243,95;1050913,63;4306
43168,4375;244,1;244,2;244,45;244,1;1373286,63;5622
43168,44444;244,15;244,15;244,3;244;848617,81;3476
43168,45139;244,15;244,65;244,65;244,05;2226214,25;9111
43168,45833;244,75;244,75;245;244,55;2644082;10803
43168,46528;244,8;244,75;245,05;244,75;1673309,5;6834
43168,47222;244,75;244,7;244,8;244,6;1105224,63;4516
43168,47917;244,65;245,15;245,15;244,65;1197389;4890
43168,48611;245,15;245,4;245,45;245,1;1405600,25;5730
43168,49306;245,4;245,95;246;245,1;10287346;41918
43168,5;245,95;245,8;245,95;245,45;659406,38;2685
43168,50694;245,8;245,3;245,9;245,3;881215,69;3589
43168,51389;245,3;245,35;245,4;245,2;878948,88;3583
43168,52083;245,4;245;245,4;244,9;1263361;5155
43168,52778;244,95;245;245,25;244,9;641303,69;2617
43168,53472;245;244,9;245,05;244,9;1075625,88;4391
43168,54167;244,95;245;245,15;244,9;685654,5;2798
43168,54861;245;245,15;245,4;245;687813,75;2805
43168,55556;245,1;245,2;245,25;245;593363,19;2421
43168,5625;245,15;245,3;245,3;245;1402712,38;5724
43168,56944;245,35;245,3;245,4;245,15;612459,88;2497
43168,57639;245,25;245,35;245,35;245,05;957314,63;3905
43168,58333;245,3;245,3;245,4;245,1;538338,31;2195
43168,59028;245,25;245,15;245,25;245;878690,75;3585
43168,59722;245,1;245,25;245,25;244,95;2243066;9153
43168,60417;245,2;246,65;247,1;245,2;6745668;27390
43168,61111;246,6;247,2;247,2;246,35;1431124,13;5801
43168,61806;247,15;247,05;247,15;246,9;880679,63;3565
43168,625;247,05;247,25;247,4;246,95;1185346,38;4796
43168,63194;247,2;247,05;247,35;247;1479518,5;5988
43168,63889;247;246,6;247,15;246,55;2416624,5;9788
43168,64583;246,7;246,4;246,75;246,25;1297212,25;5263
43168,65278;246,25;246,05;246,3;246;1855101;7537
43168,65972;246,1;245,85;246,15;245,55;1648022,38;6705
43168,66667;245,95;245,75;246,05;245,6;1728977,13;7033
43168,67361;245,75;245,75;245,95;245,55;1498995,5;6099
43168,68056;245,8;245,75;245,8;245,45;2572209;10472
43168,6875;245,8;246,25;246,35;245,7;1670204,63;6787
43168,69444;246,3;246;246,45;246;1705255,38;6925
43168,70139;246,05;245,95;246,2;245,8;1941363,88;7893
43168,70833;245,9;245,7;246,05;245,65;2445314,25;9946
43168,71528;245,7;245,8;245,85;245,65;2805240;11416
43168,72222;245,75;245,55;245,95;245,45;4669581;19005
43168,72917;245,95;245,95;245,95;245,95;30711784;124870
43171,375;248;246,7;248;246,25;3521867;14233
43171,38194;246,75;247,15;247,15;246,6;1504833,25;6095
43171,38889;247,05;246,55;247,25;246,55;1873733;7587
43171,39583;246,5;245,9;246,55;245,85;964785,13;3920
43171,40278;245,95;245,75;246,2;245,65;740461,25;3011
43171,40972;245,75;245,6;245,85;245,55;959847,13;3907
43171,41667;245,6;246,05;246,05;245,55;413479,84;1682
43171,42361;246;246,05;246,1;245,85;588426;2392
43171,43056;246,1;246,35;246,35;246,05;1322110,25;5370
43171,4375;246,35;246,3;246,4;246,25;789171,38;3204
43171,44444;246,2;246,25;246,25;246,1;888337,31;3608
43171,45139;246,2;246,15;246,2;246;526931,06;2141
43171,45833;246,2;246,05;246,4;246,05;1188848,88;4828
43171,46528;246,1;246,65;246,65;246,1;638159,31;2591
43171,47222;246,65;246,7;246,8;246,55;451144,44;1829
43171,47917;246,7;246,9;246,95;246,65;634438,31;2571
43171,48611;246,9;246,9;246,95;246,8;360961,84;1462
43171,49306;246,85;247;247;246,75;933712,5;3782
43171,5;247,05;247,2;247,25;247,05;453477,91;1835
43171,50694;247,2;247,2;247,3;247,1;791260,06;3201
43171,51389;247,25;247,1;247,25;246,9;538915,56;2181
43171,52083;247,2;247,4;247,4;247,15;353789,44;1431
43171,52778;247,4;247,55;247,6;247,4;542934,81;2194
43171,53472;247,5;247,3;247,55;247,1;845325,44;3417
43171,54167;247,25;247,15;247,25;246,95;521366,5;2110
43171,54861;247,15;246,35;247,15;246,3;1115356,13;4519
43171,55556;246,3;246,7;246,7;246,15;1093445,38;4438
43171,5625;246,7;246,55;246,85;246,5;1006358,44;4080
43171,56944;246,6;246,4;246,75;246,35;442091,84;1793
43171,57639;246,35;246,15;246,45;246,1;456156,91;1852
43171,58333;246,15;246,05;246,3;246;429046,94;1743
43171,59028;246,05;246,4;246,5;246,05;490592,53;1992
43171,59722;246,3;246,35;246,4;246,2;430092;1746
43171,60417;246,35;246,4;246,45;245,85;819858,13;3331
43171,61111;246,4;246,75;246,85;246,3;767566,81;3112
43171,61806;246,7;246,4;246,7;246,25;659962;2678
43171,625;246,45;246,25;246,55;246,25;921933;3741
43171,63194;246,25;246,85;246,85;246,25;977728;3964
43171,63889;246,85;247,1;247,25;246,8;1406218,5;5693
43171,64583;247,05;247,15;247,35;246,85;1153583,75;4668
43171,65278;247,1;247,45;247,55;247,1;2070493,63;8370
43171,65972;247,5;246,85;247,55;246,75;1867275,38;7557
43171,66667;246,85;246,25;246,9;246,25;1170332,5;4747
43171,67361;246,3;246,3;246,45;246,05;802575,94;3259
43171,68056;246,35;246;246,45;245,5;2775608,25;11287
43171,6875;246,05;246,35;246,45;245,85;1477866;6005
43171,69444;246,4;245,95;246,4;245,95;1449324;5887
43171,70139;246;246,75;246,75;246;2851949,25;11579
43171,70833;246,8;246,95;247,25;246,8;1974321,5;7991
43171,71528;246,95;247,1;247,4;246,9;1509167,25;6107
43171,72222;247,05;246,95;247,2;246,55;2836447;11495
43171,72917;246,8;246,8;246,8;246,8;20657904;83703
43172,375;247,7;247,3;247,75;246,7;1880364,63;7597
43172,38194;247,35;247,5;247,7;247,1;784459,31;3171
43172,38889;247,5;247,5;247,75;247,45;674238,19;2723
43172,39583;247,55;247,35;247,75;247,35;802074,75;3240
43172,40278;247,4;247,4;247,7;247,3;879062,31;3552
43172,40972;247,4;247,6;247,8;247,35;1273580,13;5143
43172,41667;247,6;247,65;247,9;247,45;2088939,5;8432
43172,42361;247,7;248,1;248,35;247,65;2281120;9198
43172,43056;248,15;248,05;248,45;248;1264746,13;5096
43172,4375;248,05;247,9;248,2;247,6;1404592,63;5665
43172,44444;247,9;247,5;247,9;247,5;644764;2604
43172,45139;247,5;247;247,5;246,9;1585212;6415
43172,45833;246,95;246,85;247,05;246,8;1437173;5821
43172,46528;246,85;246,8;246,95;246,55;1836976,25;7447
43172,47222;246,8;246,85;246,95;246,7;446553,44;1809
43172,47917;246,9;247;247;246,65;1482102,63;6006
43172,48611;247;247;247,15;246,8;1063516,63;4306
43172,49306;247,1;246,9;247,15;246,85;1810979,5;7331
43172,5;247;246,9;247;246,8;696780,06;2822
43172,50694;246,9;246,6;246,9;246,55;561583,25;2276
43172,51389;246,55;246,65;246,9;246,55;747372,5;3029
43172,52083;246,7;246,8;246,8;246,5;864707,5;3506
43172,52778;246,8;247;247,1;246,7;1206971,75;4889
43172,53472;247,05;246,85;247,05;246,85;1781903,63;7215
43172,54167;246,85;246,75;246,95;246,65;1249485,75;5062
43172,54861;246,85;246,75;247;246,75;1310408,13;5308
43172,55556;246,75;246,6;246,75;246,35;1606583,75;6516
43172,5625;246,6;246,9;247,3;246,6;1997982,88;8090
43172,56944;247;246,65;247,25;245,45;5554605,5;22575
43172,57639;246,7;246,5;246,7;246,3;968475,75;3929
43172,58333;246,5;246,55;246,55;246,35;549604,88;2230
43172,59028;246,5;246,85;246,9;246,45;590054,88;2391
43172,59722;246,85;246,75;246,95;246,7;734038,13;2974
43172,60417;246,75;245,65;246,75;245,65;2656572;10791
43172,61111;245,65;245,65;246;245,5;2298308,5;9353
43172,61806;245,65;245,1;245,75;245,1;2571048,75;10482
43172,625;245,1;245,55;245,55;245;2637042,5;10756
43172,63194;245,6;245,6;245,9;245,45;2215237,5;9018
43172,63889;245,6;245,5;245,9;245,5;1368247,5;5568
43172,64583;245,55;244,85;245,55;244,85;3257043;13287
43172,65278;244,85;246;246;244,85;1324850;5398
43172,65972;245,9;245,55;246;245,45;1146729,88;4666
43172,66667;245,45;244,85;245,5;244,7;2194995,25;8962
43172,67361;244,85;244,55;245,3;244,35;4501449,5;18388
43172,68056;244,5;244,2;244,65;243,9;3795236,5;15540
43172,6875;244,2;244,15;244,5;243,8;3095624,25;12680
43172,69444;244,1;243,7;244,6;243,6;4818791,5;19739
43172,70139;243,7;243,75;244;243,25;3663395,75;15035
43172,70833;243,75;242,95;243,85;242,8;4765947,5;19594
43172,71528;242,9;243,5;243,55;242,65;4245733,5;17472
43172,72222;243,55;243,1;243,9;243;5242260;21533
43172,72917;243,5;243,5;243,5;243,5;48410976;198813
43173,375;243,4;243,55;244,05;243,2;1939037,5;7963
43173,38194;243,55;244,3;244,35;243,55;954113,19;3910
43173,38889;244,35;244,1;244,6;243,95;1356198,5;5554
43173,39583;244,15;243,7;244,4;243,7;1163224,5;4764
43173,40278;243,75;244;244,05;243,2;1504980,63;6179
43173,40972;244;244,2;244,2;243,75;1312177,13;5380
43173,41667;244,25;244,1;244,55;244,1;808091,44;3307
43173,42361;244,1;244,3;244,4;243,9;1338429,38;5479
43173,43056;244,3;244,25;244,4;244,05;917151;3755
43173,4375;244,25;244,6;244,6;244,25;479314,66;1961
43173,44444;244,65;244,65;244,75;244,35;894482,63;3658
43173,45139;244,7;244,8;244,85;244,6;387949,75;1585
43173,45833;244,8;245,2;245,2;244,8;1620776,88;6616
43173,46528;245,3;244,65;245,3;244,65;741187,81;3027
43173,47222;244,65;244,8;244,85;244,45;807712,63;3301
43173,47917;244,75;244,85;245;244,75;474837,63;1939
43173,48611;244,85;244,85;245,15;244,8;1226171,25;5007
43173,49306;244,85;244,9;245,2;244,75;1008177,69;4116
43173,5;244,95;245,6;245,75;244,95;1124081;4578
43173,50694;245,6;245,6;245,8;245,55;486149,94;1979
43173,51389;245,55;245,45;245,55;245,4;346144,19;1410
43173,52083;245,45;245,3;245,45;245,15;1270197,25;5179
43173,52778;245,35;245,35;245,4;245,25;258813,8;1055
43173,53472;245,3;245,1;245,35;245,1;587607,13;2396
43173,54167;245,05;244,85;245,05;244,75;878653,44;3588
43173,54861;244,8;244,8;244,9;244,6;831086,63;3396
43173,55556;244,75;244,4;244,75;244,3;1438643,38;5884
43173,5625;244,4;244,6;244,65;244,25;612411,06;2505
43173,56944;244,5;244,6;244,6;244,25;617080,75;2524
43173,57639;244,65;244,7;244,9;244,55;697445,69;2850
43173,58333;244,7;244,85;244,9;244,65;599653,63;2450
43173,59028;244,85;245,3;245,35;244,85;591429,75;2413
43173,59722;245,35;245,2;245,6;245,15;1198439,5;4885
43173,60417;245,25;245,1;245,65;245;1183484,63;4825
43173,61111;245,05;244,75;245,25;244,75;1768891,38;7220
43173,61806;244,75;244,7;244,8;244,5;1596962;6527
43173,625;244,65;244,75;244,95;244,65;1078699,38;4407
43173,63194;244,75;243,9;244,8;243,7;3818678,25;15635
43173,63889;243,95;244,3;244,3;243,95;1016672;4164
43173,64583;244,3;244,15;244,3;243,75;660987,63;2709
43173,65278;244,4;244,6;244,75;244,25;1102113;4507
43173,65972;244,55;243,25;244,55;243,2;3232618;13254
43173,66667;243,15;243,8;243,85;243,15;2505363,75;10291
43173,67361;243,8;243,05;243,8;242,8;1703437,75;7007
43173,68056;243,1;243,55;243,55;242,75;3093735,5;12721
43173,6875;243,6;243;243,7;242,65;1440844,75;5929
43173,69444;243;242,95;243,45;242,8;4017552;16527
43173,70139;243;243,15;243,45;243;1224230;5035
43173,70833;243,25;242,65;243,3;242,65;2980904;12267
43173,71528;242,65;243,45;243,45;242,55;2722288,5;11201
43173,72222;243,45;243,05;243,75;243,05;1949205,38;8011
43173,72917;242,9;242,9;242,9;242,9;38437692;158245
43174,375;244,9;244,45;245,4;244,35;4215054,5;17215
43174,38194;244,65;244,85;245;244,65;740971,38;3026
43174,38889;244,85;244,8;244,9;244,65;1605736,88;6560
43174,39583;244,75;244,9;244,95;244,65;1922068,88;7851
43174,40278;244,9;244,45;244,9;244,3;2689481,5;11002
43174,40972;244,35;244,65;244,7;244,35;4008838,75;16399
43174,41667;244,7;245;245,1;244,5;3003174,5;12263
43174,42361;245;245,2;245,3;244,8;2817375,75;11494
43174,43056;245,25;245,3;245,5;245,2;1416843,25;5776
43174,4375;245,4;245,1;245,45;245,05;806728,5;3289
43174,44444;245,1;244,85;245,25;244,8;1509602,75;6159
43174,45139;244,85;244,7;244,9;244,7;1233691,88;5039
43174,45833;244,65;244,6;244,7;244,4;1956397,13;8002
43174,46528;244,65;244,5;244,7;244,35;1572413,5;6432
43174,47222;244,55;244,45;244,65;244,45;901920,06;3688
43174,47917;244,45;244,5;244,6;244,45;1000616,75;4092
43174,48611;244,5;244,35;244,5;244,35;1676678,63;6860
43174,49306;244,4;244,35;244,45;244,35;2447804,75;10016
43174,5;244,4;244,25;244,75;244,25;916197,06;3747
43174,50694;244,25;244,4;244,5;243,9;1553640,25;6360
43174,51389;244,45;244,6;244,7;244,3;731998,06;2994
43174,52083;244,65;245,2;245,2;244,65;254742,09;1040
43174,52778;245,15;245,3;245,3;245,1;687657,19;2804
43174,53472;245,25;245,2;245,25;245,05;436588,19;1781
43174,54167;245,2;244,95;245,25;244,9;546388,69;2229
43174,54861;244,9;244,8;244,9;244,55;1002984,31;4098
43174,55556;244,9;244,95;245;244,9;329433,09;1345
43174,5625;245;245,1;245,1;244,75;796711,44;3253
43174,56944;245,1;245,15;245,3;245,1;673395,19;2746
43174,57639;245,1;245,05;245,2;244,95;441887,25;1803
43174,58333;245,1;245,3;245,3;244,95;628908,38;2566
43174,59028;245,3;245,45;245,5;245,25;426748,53;1739
43174,59722;245,55;245,9;245,9;245,5;521405,22;2123
43174,60417;245,9;245,7;246,05;245,65;1358465,88;5527
43174,61111;245,7;245,7;245,9;245,6;1615606,5;6574
43174,61806;245,65;246;246,15;245,55;846740,38;3443
43174,625;246,05;245,95;246,2;245,95;1164730,88;4734
43174,63194;246;246,15;246,25;245,9;1011871,75;4113
43174,63889;246,1;245,95;246,1;245,75;1466503;5963
43174,64583;246;246,5;246,5;246;1160580,5;4712
43174,65278;246,6;246,5;246,75;246,3;2230721,5;9048
43174,65972;246,55;246,1;246,55;245,9;1771007;7191
43174,66667;246,1;246,4;246,6;246,1;1273606;5169
43174,67361;246,5;246,7;246,8;246,35;1551830,5;6293
43174,68056;246,75;246,95;247,1;246,75;1517665,13;6146
43174,6875;247;246,7;247;246,65;1899771,88;7698
43174,69444;246,7;246,9;247;246,55;2012028,5;8153
43174,70139;246,85;247,35;247,35;246,85;1789135,88;7238
43174,70833;247,35;247,4;247,45;247;2853390,25;11543
43174,71528;247,4;247,75;247,75;247,35;3726886,5;15054
43174,72222;247,75;247,95;248,2;247,65;4760048,5;19204
43174,72917;247,35;247,35;247,35;247,35;77679328;314046
43175,375;247;247,1;247,25;246,9;1733852,13;7019
43175,38194;247,15;247,35;247,45;247,05;560092,44;2265
43175,38889;247,35;247,2;247,35;247;1236072,13;5001
43175,39583;247,2;247,95;248,1;247,2;1829733,25;7387
43175,40278;247,75;247,15;247,85;247,05;1727512,38;6982
43175,40972;247,2;247,4;247,55;247,15;1048268,56;4239
43175,41667;247,4;247,3;247,5;247;1450751,5;5868
43175,42361;247,35;247,2;247,5;247,2;996908;4030
43175,43056;247,2;247,6;247,6;247,2;479272,25;1937
43175,4375;247,6;247,25;247,65;247,05;1874815,88;7580
43175,44444;247,3;247,1;247,55;247;2409303,25;9740
43175,45139;247,15;246,9;247,25;246,85;1150946,38;4659
43175,45833;246,95;247,3;247,3;246,95;1366325,13;5528
43175,46528;247,3;246,9;247,3;246,9;1766294,5;7145
43175,47222;246,95;247,25;247,35;246,85;1017629,31;4119
43175,47917;247,25;247,25;247,3;247,1;596745,13;2414
43175,48611;247,2;247,7;247,75;247,15;1732154,25;6997
43175,49306;247,7;248,4;248,7;247,7;90324760;363765
43175,5;248,4;248;248,4;247,9;3415217,75;13765
43175,50694;247,95;247,35;248;247,25;1582431,38;6388
43175,51389;247,4;247,55;247,6;247,4;1414517,5;5715
43175,52083;247,55;247,55;247,6;247,45;419063,5;1693
43175,52778;247,5;247;247,55;246,85;1441384,63;5833
43175,53472;247,05;247,1;247,15;246,9;610757,5;2472
43175,54167;247;247,4;247,4;246,9;1109715,88;4492
43175,54861;247,4;247,2;247,4;247,15;381354,5;1542
43175,55556;247,2;247,1;247,25;247;958081,56;3877
43175,5625;247,05;247,3;247,3;246,95;1502716,13;6081
43175,56944;247,35;247,15;247,35;247,1;764686;3093
43175,57639;247,05;247,35;247,35;247;665066,94;2691
43175,58333;247,3;247,25;247,5;247,15;758033,5;3064
43175,59028;247,25;247,05;247,25;247;895697,75;3625
43175,59722;247;246,95;247,05;246,65;1646264,5;6668
43175,60417;246,9;246,7;247,15;246,65;1118819,88;4532
43175,61111;246,75;247,4;247,4;246,75;1439571,75;5827
43175,61806;247,45;247,45;247,55;247,2;1004979,69;4062
43175,625;247,55;247,5;247,8;247,45;1237888;4999
43175,63194;247,5;247,8;248;247,5;1719010,25;6937
43175,63889;247,85;247,9;247,9;247,6;1030461,56;4159
43175,64583;247,9;248,4;248,4;247,9;3472060,75;13989
43175,65278;248,4;248,55;248,55;248,3;3973416,75;15993
43175,65972;248,5;249;249,05;248,5;4126695;16580
43175,66667;249,05;248,65;249,1;248,55;2174186,25;8737
43175,67361;248,65;248,6;248,65;248,3;1098934,13;4422
43175,68056;248,6;248,5;248,6;248,2;1100115,63;4428
43175,6875;248,5;248;248,55;248;1299960,13;5237
43175,69444;248;247,95;248,05;247,8;732392,13;2954
43175,70139;247,85;247,75;247,95;247,7;1028469,75;4150
43175,70833;247,75;247,9;248,15;247,7;1646284,63;6641
43175,71528;248;248,45;248,5;248;1465991;5904
43175,72222;248,45;247,9;248,6;247,8;3199630;12888
43175,72917;247,5;247,5;247,5;247,5;142713248;576619
43178,375;248,4;247,5;248,45;247;3212487;12941
43178,38194;247,45;246,1;247,65;246,1;1643319;6656
43178,38889;246,2;245,55;246,25;245,5;2559449,25;10406
43178,39583;245,7;245,35;246,05;245,3;825326,06;3359
43178,40278;245,4;245,65;245,65;244,95;2295788,75;9359
43178,40972;245,75;245,8;245,95;245,65;1214636,13;4942
43178,41667;245,8;245,95;246,2;245,65;1150108,38;4677
43178,42361;245,95;245,95;246,05;245,8;427386,66;1738
43178,43056;246;246,05;246,1;245,8;598867,5;2435
43178,4375;245,95;246,15;246,3;245,95;732397,25;2976
43178,44444;246;246,25;246,3;246;321015,16;1304
43178,45139;246,35;246,7;246,75;246,25;447212,34;1814
43178,45833;246,75;246,45;246,75;246,25;938187,06;3805
43178,46528;246,45;246,15;246,5;246,15;494930,09;2009
43178,47222;246,05;246,15;246,2;245,95;474183,5;1927
43178,47917;246,25;246,6;246,6;246,25;441762,66;1793
43178,48611;246,6;246,7;246,7;246,35;426676,19;1731
43178,49306;246,75;246,7;246,9;246,7;358625,84;1453
43178,5;246,8;246,95;247,05;246,8;281523,44;1140
43178,50694;246,9;246,5;246,9;246,45;399838,09;1621
43178,51389;246,5;246,5;246,6;246,45;408516,06;1657
43178,52083;246,45;246,5;246,6;246,4;376852,84;1529
43178,52778;246,6;246,8;246,8;246,55;375459,75;1522
43178,53472;246,85;247;247,1;246,85;649193,44;2628
43178,54167;247;246,95;247,1;246,65;1165355;4719
43178,54861;246,95;247,25;247,35;246,9;1202049,38;4865
43178,55556;247,15;247,4;247,4;247,05;297684,53;1204
43178,5625;247,45;247,35;247,45;247,2;143921,16;582
43178,56944;247,35;247,4;247,7;247,35;690671,44;2790
43178,57639;247,35;247,45;247,45;247,2;391751,97;1584
43178,58333;247,35;247,05;247,35;247;602811,56;2439
43178,59028;247;247,05;247,1;247;432061,5;1749
43178,59722;247,05;247,2;247,25;246,9;277734,16;1124
43178,60417;247,2;247,1;247,25;246,9;1153125;4668
43178,61111;247,05;246,8;247,05;246,65;487740,41;1976
43178,61806;246,8;247,1;247,2;246,8;434594,94;1759
43178,625;247,1;246,55;247,15;246,55;650719,88;2636
43178,63194;246,55;246,65;246,65;246,4;875066,25;3550
43178,63889;246,75;246,95;247;246,55;922444,13;3737
43178,64583;246,95;246,75;246,95;246,75;942594,44;3819
43178,65278;246,75;246,35;246,75;246,15;1575963,88;6397
43178,65972;246,4;246,35;246,45;246,2;1560583,25;6336
43178,66667;246,35;246,3;246,5;246,2;3229662,25;13113
43178,67361;246,3;246,15;246,45;246,1;3061129;12432
43178,68056;246,15;246,2;246,25;246;1784470,75;7249
43178,6875;246,2;245,95;246,25;245,95;3065102,5;12458
43178,69444;245,95;245,35;246;245,15;2693195,5;10969
43178,70139;245,3;245,65;245,65;245,15;7381861;30075
43178,70833;245,65;245,6;245,7;245,15;3414678;13914
43178,71528;245,6;245,55;245,7;245,35;4939035,5;20115
43178,72222;245,55;245,7;245,85;245,45;3962448,5;16131
43178,72917;246;246;246;246;47376160;192586
43179,375;247,05;247,15;247,4;246,65;4698417,5;19021
43179,38194;247,15;247,25;247,4;246,85;2483719;10051
43179,38889;247,2;246,75;247,25;246,75;1963099,13;7947
43179,39583;246,75;246,6;246,75;246,2;1726098,88;7004
43179,40278;246,55;246,4;246,6;246,25;1442465;5854
43179,40972;246,4;246,95;246,95;246,35;554059,31;2246
43179,41667;246,95;246,75;247;246,5;2517081,5;10203
43179,42361;246,65;246,7;246,9;246,4;2051110;8317
43179,43056;246,7;246,7;246,85;246,55;810317,38;3285
43179,4375;246,75;246,85;246,85;246,5;775556,88;3144
43179,44444;246,85;246,85;246,9;246,6;931429,94;3775
43179,45139;246,9;247,5;247,65;246,9;3874950,75;15663
43179,45833;247,55;248,1;248,1;247,55;2519242;10165
43179,46528;248,15;248,1;248,45;248,1;1439237,75;5796
43179,47222;248,05;247,95;248,3;247,9;1211271,88;4882
43179,47917;248,05;248,25;248,3;248;1280020,13;5159
43179,48611;248,3;248,65;248,75;248,15;3023692,5;12167
43179,49306;248,75;248,8;249,05;248,75;1478239,5;5939
43179,5;248,8;248,95;249,1;248,6;1781027,63;7157
43179,50694;248,95;248,9;249,05;248,9;1170158,5;4700
43179,51389;248,85;248,9;248,9;248,75;363725,25;1462
43179,52083;248,95;248,9;249,2;248,75;852491;3424
43179,52778;248,9;248,9;248,95;248,85;564986,69;2270
43179,53472;248,9;248,9;248,9;248,7;598344;2405
43179,54167;248,95;248,8;249,1;248,8;1077302,25;4327
43179,54861;248,8;248,75;248,85;248,6;697106,06;2802
43179,55556;248,8;248,75;248,85;248,7;597343,44;2401
43179,5625;248,75;248,5;248,85;248,5;891810,5;3587
43179,56944;248,5;248,7;248,8;248,5;394900,25;1588
43179,57639;248,65;248,75;248,8;248,6;337271,69;1356
43179,58333;248,75;248,8;248,85;248,7;628850,75;2528
43179,59028;248,8;248,15;248,85;248,15;1484223,25;5969
43179,59722;248,15;248,05;248,25;247,8;1616957,63;6520
43179,60417;248,1;248,35;248,5;248,1;1634493,5;6580
43179,61111;248,45;248,85;248,9;248,4;954828,38;3840
43179,61806;248,8;248,55;249,1;248,4;1198850,38;4819
43179,625;248,6;248,15;248,65;248,15;1252459,13;5043
43179,63194;248,1;248,1;248,2;247,85;1554991;6270
43179,63889;248,15;248,45;248,45;248,1;1050046;4230
43179,64583;248,5;248,95;249;248,5;1451433,5;5836
43179,65278;249;248,7;249,05;248,7;1305853,63;5247
43179,65972;248,55;249,1;249,15;248,55;1516950,75;6094
43179,66667;249,15;249,35;249,4;249,1;2069157,63;8300
43179,67361;249,4;249,4;249,7;249,3;3414222,25;13686
43179,68056;249,4;250,25;250,35;249,35;5115647;20468
43179,6875;250,3;250,55;250,6;249,95;3690254,5;14748
43179,69444;250,55;249,85;250,55;249,85;3660505,5;14632
43179,70139;249,85;250,5;250,55;249,85;4625361;18499
43179,70833;250,5;250,4;250,7;250,2;2568539,25;10255
43179,71528;250,4;251;251;250,4;3624226,25;14447
43179,72222;250,95;250,9;251,15;250,75;4190459,5;16698
43179,72917;251,55;251,55;251,55;251,55;59198540;235335
43180,375;251,95;252,05;252,65;251,4;3523405;13982
43180,38194;252;252,45;252,6;251,85;3035203,5;12036
43180,38889;252,5;252,6;253,05;252,3;4907699,5;19417
43180,39583;252,55;252,45;252,8;252,3;2413979,5;9557
43180,40278;252,45;252,7;252,7;252,35;1903900,63;7540
43180,40972;252,7;252,95;253,15;252,65;2191631,75;8665
43180,41667;252,95;252,85;253,15;252,7;1710323,38;6763
43180,42361;252,85;252,7;252,95;252,7;2837611,25;11224
43180,43056;252,8;252,7;253;252,65;1652042;6534
43180,4375;252,7;252,95;252,95;252,6;1063409,25;4208
43180,44444;252,9;252,8;253,1;252,65;823057,81;3255
43180,45139;252,8;252,8;252,95;252,7;673457,44;2664
43180,45833;252,75;252,6;252,95;252,55;1211252,75;4793
43180,46528;252,55;252,75;252,8;252,55;2125970;8415
43180,47222;252,75;252,85;252,85;252,65;1375742,38;5443
43180,47917;252,8;253,45;253,45;252,8;1030976,25;4072
43180,48611;253,4;253,35;253,45;253,3;1113869,13;4396
43180,49306;253,3;252,8;253,35;252,75;1349296,75;5332
43180,5;252,8;253,2;253,2;252,6;1426274,13;5639
43180,50694;253,15;253,1;253,2;253,05;836007,06;3303
43180,51389;253,05;253,05;253,15;253,05;417822,41;1651
43180,52083;253,1;253,5;253,6;253,1;1709647,63;6746
43180,52778;253,5;253,1;253,65;253,05;4017237,75;15862
43180,53472;253,05;253,05;253,2;252,85;1857950,25;7343
43180,54167;253,15;252,95;253,45;252,95;1848109,88;7298
43180,54861;253;253,05;253,3;252,95;1392440,5;5502
43180,55556;253,05;252,9;253,2;252,9;809660,31;3200
43180,5625;252,95;252,85;252,95;252,75;1146744,75;4535
43180,56944;252,9;252,85;253,1;252,85;1644102,5;6500
43180,57639;252,8;252,7;252,8;252,55;1548068,13;6127
43180,58333;252,75;253,05;253,05;252,55;1976481,63;7818
43180,59028;253,05;252,5;253,05;252,4;883732,31;3498
43180,59722;252,55;252,8;252,9;252,45;727515,75;2879
43180,60417;252,7;252,95;253,1;252,7;1097410,88;4340
43180,61111;252,85;252,6;253;252,6;776677,63;3072
43180,61806;252,6;252,4;252,75;252,4;1249223,75;4946
43180,625;252,4;252,3;252,45;251,95;2937567,75;11647
43180,63194;252,3;252,2;252,6;252,2;1196920,88;4743
43180,63889;252,2;252,25;252,25;252;868379,63;3444
43180,64583;252,2;252,25;252,3;252;1546333,5;6131
43180,65278;252,25;252,45;252,45;252,15;1171940,38;4646
43180,65972;252,45;252,45;252,7;252,45;2502705,25;9909
43180,66667;252,4;252,25;252,4;251,95;1913774,25;7589
43180,67361;252,2;252,3;252,3;252,15;1525128,38;6047
43180,68056;252,25;252,3;252,5;252,15;1828441;7247
43180,6875;252,25;253,1;253,1;252,2;2065447,5;8175
43180,69444;253,15;252,9;253,35;252,9;2716774,75;10730
43180,70139;252,9;252,65;253,25;252,55;3613496,5;14287
43180,70833;252,55;253;253,1;252,4;2323116,75;9188
43180,71528;253;252,6;253;252,6;2532250,25;10018
43180,72222;252,6;252,3;252,7;252,2;2810729;11133
43180,72917;252,65;252,65;252,65;252,65;44115696;174612
43181,375;250,4;250,3;250,95;250;5579148;22282
43181,38194;250,25;250,2;250,45;249,9;2436499,75;9737
43181,38889;250,1;251,05;251,15;249,9;2782830,5;11105
43181,39583;251;251,75;251,75;250,95;1843877,25;7338
43181,40278;251,75;252,1;252,3;251,55;2623180,5;10411
43181,40972;252,1;252,4;252,5;252,05;1504509,75;5963
43181,41667;252,4;251,5;252,4;251,4;1998585,75;7936
43181,42361;251,45;250,95;251,5;250,65;1976089,63;7869
43181,43056;250,9;250,45;250,95;250,05;1543271;6160
43181,4375;250,5;250,45;250,5;250,15;4563881,5;18234
43181,44444;250,4;250,3;250,5;250,1;3047429,5;12174
43181,45139;250,3;250,2;250,45;249,7;2424556,75;9699
43181,45833;250,25;250,05;250,4;249,85;1737342,75;6947
43181,46528;250,05;250,2;250,3;250;3292752,5;13168
43181,47222;250,2;250,15;250,45;250,1;1152179,25;4604
43181,47917;250,1;250,6;250,65;250,1;1665526,63;6650
43181,48611;250,55;249,95;250,65;249,9;2393018,25;9561
43181,49306;249,9;250,2;250,2;249,8;2752747;11013
43181,5;250,25;249,95;250,4;249,95;1652439,88;6602
43181,50694;250;250,2;250,35;250;529936,81;2118
43181,51389;250,15;250,1;250,2;249,85;1197507,25;4789
43181,52083;250,15;250,35;250,35;250,05;1463337,38;5847
43181,52778;250,3;250,6;250,6;250,1;1758113,63;7022
43181,53472;250,5;250,45;250,85;250,45;2181354,75;8703
43181,54167;250,55;250,85;251,3;250,55;3097328,25;12343
43181,54861;250,85;250,3;250,85;250,1;1615863,75;6454
43181,55556;250,4;250,45;250,55;250,25;1281420,88;5117
43181,5625;250,35;249,9;250,5;249,85;1734447,25;6935
43181,56944;249,9;249,4;249,9;249,4;2572280;10302
43181,57639;249,4;249,5;249,65;249,35;1591177,25;6378
43181,58333;249,5;249,35;249,55;249,2;2368008,25;9496
43181,59028;249,3;249,3;249,35;249,05;720762,81;2892
43181,59722;249,3;248,75;249,5;248,7;1330132,63;5336
43181,60417;248,7;249,05;249,5;248,15;2750653,5;11052
43181,61111;249;249,5;249,7;248,75;1282060,75;5144
43181,61806;249,5;249,5;249,85;249,35;2617283;10487
43181,625;249,35;249,65;249,65;249,1;1541183,88;6179
43181,63194;249,6;249,2;249,75;249,2;3499754;14029
43181,63889;249,15;248,55;249,25;248,5;1732718,13;6963
43181,64583;248,5;248,25;248,5;247,9;3168094;12766
43181,65278;248,15;247,95;248,3;247,9;5240902;21128
43181,65972;247,9;247,65;248;247,15;2353660,25;9502
43181,66667;247,65;248,45;248,45;247,65;2468145,5;9950
43181,67361;248,5;248,45;248,6;248,05;1616271,25;6509
43181,68056;248,45;248,1;248,45;247,75;2313925,75;9328
43181,6875;248,15;247,65;248,35;247,6;2411691,75;9725
43181,69444;247,6;246,9;247,6;246,7;3849106;15585
43181,70139;246,9;247,2;247,5;246,8;1958162,5;7923
43181,70833;247,25;247,5;247,75;246,5;3424469,75;13866
43181,71528;247,55;247,8;248,1;246,9;3090240;12486
43181,72222;247,85;248,4;248,4;247,6;3126286,75;12612
43181,72917;249,3;249,3;249,3;249,3;61006448;244711
43182,375;247,2;246,55;247,2;246,15;3886497,5;15733
43182,38194;246,4;245,75;246,9;245,6;2321298,5;9429
43182,38889;245,9;245,85;246,25;245,3;3196102,5;13009
43182,39583;245,8;245,25;246;245,15;3493751,5;14232
43182,40278;245,25;245,1;245,35;245;3485246,25;14217
43182,40972;245,1;244,95;245,2;244,75;4825359;19697
43182,41667;244,95;245,05;245,35;244,9;2447615;9986
43182,42361;245,1;244,9;245,1;244,3;2089223,88;8538
43182,43056;244,85;243,8;244,9;243,7;3410213;13974
43182,4375;243,75;243,2;243,8;243,15;1755504;7212
43182,44444;243,15;242,75;243,2;242,7;2244334;9238
43182,45139;242,65;243;243,05;242,65;1931037,13;7951
43182,45833;242,95;242,9;243,15;242,6;1070668,38;4408
43182,46528;242,8;243,95;244,2;242,7;2929827,75;12022
43182,47222;244;243,7;244,05;243,5;1169852,5;4800
43182,47917;243,7;244,3;244,4;243,7;1217855,25;4988
43182,48611;244,3;244,4;244,55;244,15;1340771,38;5487
43182,49306;244,35;244,2;244,5;243,65;3140372,5;12866
43182,5;244,15;243,85;244,3;243,8;1091523,88;4473
43182,50694;243,85;243,85;243,95;243,7;948014,13;3888
43182,51389;243,8;243,75;243,8;243,55;1671399,75;6859
43182,52083;243,7;243,45;243,75;243,35;924798,25;3798
43182,52778;243,5;243,05;243,55;242,95;3119102;12821
43182,53472;243,2;243,2;243,35;243,05;1925915,75;7920
43182,54167;243,25;244;244,1;243,25;2495585,75;10239
43182,54861;243,9;243,6;244;243,45;1131315,38;4644
43182,55556;243,6;243,2;243,6;243,15;810530,25;3331
43182,5625;243,25;243,65;243,7;243,25;1342007,38;5510
43182,56944;243,7;243,3;243,7;243,2;771694,94;3171
43182,57639;243,25;243,05;243,35;243;1238123,63;5092
43182,58333;243,05;243;243,3;243;807483,88;3321
43182,59028;243;243,75;243,75;243;1557610,25;6402
43182,59722;243,75;244,7;244,9;243,75;3390205,75;13863
43182,60417;244,65;245;245,45;244,65;4761621;19430
43182,61111;244,9;244,55;245,05;244,35;4357042;17808
43182,61806;244,5;244,9;244,9;244,45;1956396,75;7997
43182,625;244,9;245,1;245,6;244,9;4557062,5;18588
43182,63194;245,05;244,75;245,4;244,7;1104019,25;4506
43182,63889;244,7;245;245,2;244,5;885508,63;3616
43182,64583;245;244,9;245,4;244,8;2158401,75;8808
43182,65278;244,95;245,6;245,65;244,85;2937122,25;11977
43182,65972;245,65;245,9;246,05;245,3;1295687,25;5272
43182,66667;245,85;245,15;245,9;245,15;2440995,5;9940
43182,67361;245,1;244,55;245,15;244,45;1359609,88;5556
43182,68056;244,5;244,95;245,1;244,4;1088001;4446
43182,6875;244,95;244,45;245;244,4;2107409,75;8610
43182,69444;244,5;243,65;244,55;243,6;3356453,75;13757
43182,70139;243,55;242,9;243,55;242,9;3456971,75;14212
43182,70833;242,85;243,85;243,9;242,85;3700632;15213
43182,71528;243,85;242,95;243,95;242,85;4328834;17791
43182,72222;243;243,7;244,2;242,9;6349214,5;26067
43182,72917;242,9;242,9;242,9;242,9;67312928;277122
43185,375;244,35;245,05;245,25;243,8;4010886,75;16406
43185,38194;245;244,95;245,5;244,85;3654904,75;14907
43185,38889;244,95;244,35;245,2;244,3;1971908,75;8056
43185,39583;244,4;244,45;244,6;244,15;1756403,5;7186
43185,40278;244,45;244,8;245,25;244,3;2957509,25;12074
43185,40972;244,75;245;245;244,5;1144359;4676
43185,41667;244,95;245,6;245,6;244,95;2549192,75;10392
43185,42361;245,6;245,8;245,9;245,3;2204084,75;8972
43185,43056;245,8;245,5;245,8;245,15;1903308;7755
43185,4375;245,45;245,55;245,8;245,1;1130506;4605
43185,44444;245,4;245,4;245,55;245,25;1470492,5;5993
43185,45139;245,3;244,8;245,3;244,6;1438003,5;5871
43185,45833;244,8;244,65;244,85;244,6;1446092,88;5910
43185,46528;244,65;244,9;245,05;244,6;1937762,5;7914
43185,47222;244,95;244,9;245;244,85;802885,63;3278
43185,47917;244,95;244,75;244,95;244,75;821609,31;3356
43185,48611;244,75;244,75;244,9;244,75;956926,06;3909
43185,49306;244,8;244,55;244,85;244,5;1777247,25;7264
43185,5;244,55;244,75;244,75;244,35;2298308,25;9400
43185,50694;244,75;244,8;244,8;244,55;1213702,25;4960
43185,51389;244,85;244,75;244,9;244,6;1176195,88;4807
43185,52083;244,75;244,5;244,75;244,4;657357,94;2688
43185,52778;244,5;244,35;244,5;244,3;902965,81;3694
43185,53472;244,4;244,65;244,7;244,35;538237,75;2201
43185,54167;244,65;244,75;244,75;244,5;1679633,88;6867
43185,54861;244,8;244,7;244,85;244,55;870097,69;3556
43185,55556;244,65;244,65;244,85;244,6;1830285,63;7479
43185,5625;244,7;244,85;245,3;244,7;1901105,13;7763
43185,56944;244,75;244,95;245,1;244,7;1111853,88;4540
43185,57639;245,05;245,5;245,6;245,05;1071969,38;4369
43185,58333;245,5;245,85;245,9;245,45;1074158,38;4372
43185,59028;245,9;246,15;246,3;245,65;2073927,5;8431
43185,59722;246,2;245,8;246,25;245,8;1035704,88;4210
43185,60417;245,85;245,6;245,85;245,45;1432301,75;5830
43185,61111;245,6;245,8;245,95;245,45;2708234,75;11026
43185,61806;245,75;245,7;245,8;245,35;3458795,5;14084
43185,625;245,65;245,65;245,7;245,4;3049650,25;12421
43185,63194;245,65;245,65;245,8;245,6;1181871,5;4811
43185,63889;245,6;245,7;245,8;245,55;2194354,5;8933
43185,64583;245,7;246,1;246,1;245,6;3108797;12647
43185,65278;246,1;245,6;246,4;245,6;2365747,25;9617
43185,65972;245,65;245,65;246,15;245,55;3683750,25;14989
43185,66667;245,7;245,6;245,85;245,5;6311668;25697
43185,67361;245,65;244,6;245,65;244,6;4326449;17637
43185,68056;244,55;244,5;244,85;244,45;2919186,5;11933
43185,6875;244,4;244,45;244,8;244,15;4064275,75;16625
43185,69444;244,4;243,95;244,5;243,45;7301088,5;29931
43185,70139;243,95;243,35;244,35;243,35;2780015,25;11396
43185,70833;243,3;243,25;243,9;243,15;3636699,5;14938
43185,71528;243,2;242,8;243,35;242,75;4261332;17532
43185,72222;242,8;243,2;243,8;242,25;5923832;24382
43185,72917;243,8;243,8;243,8;243,8;47913024;196526
43186,375;248,7;248,6;248,9;247,65;7578993;30520
43186,38194;248,55;248,8;249,05;248,55;3930744,75;15793
43186,38889;248,75;247,95;248,95;247,95;3081179;12395
43186,39583;247,95;247,6;248;247,15;3104124,25;12537
43186,40278;247,6;247,25;247,6;247,2;2107329;8517
43186,40972;247,25;246,4;247,45;246,4;2598709,5;10522
43186,41667;246,35;246,05;246,5;245,85;1845210,25;7498
43186,42361;246,05;245,95;246,25;245,95;1780522,38;7236
43186,43056;246;246,55;246,55;245,65;2431045,5;9880
43186,4375;246,45;246,8;246,85;246,35;1205340;4888
43186,44444;246,75;246,45;246,75;246,35;1137978,88;4615
43186,45139;246,45;246,45;246,85;246,45;658023,06;2668
43186,45833;246,4;246,25;246,65;246,25;923844,06;3748
43186,46528;246,25;246,6;246,6;246,25;782771;3176
43186,47222;246,6;247,1;247,15;246,6;3257336,25;13197
43186,47917;247,1;247,2;247,4;247;1908511;7722
43186,48611;247,25;247,25;247,25;247,1;754218,94;3051
43186,49306;247,3;247,9;247,9;247,25;1203703,38;4864
43186,5;247,85;247,55;247,85;247,25;1260852,25;5093
43186,50694;247,55;247,45;247,55;247,35;1455051,63;5880
43186,51389;247,4;247,5;247,6;247,25;866641,69;3503
43186,52083;247,5;247,3;247,6;247,25;513732,16;2076
43186,52778;247,3;246,95;247,3;246,85;554519,5;2244
43186,53472;246,9;246,35;246,9;246,35;472729,09;1917
43186,54167;246,35;246,95;247;246,35;500763,06;2030
43186,54861;246,9;247,05;247,05;246,8;1488498,5;6029
43186,55556;247,05;246,7;247,05;246,6;1014643,13;4111
43186,5625;246,75;246,75;246,8;246,75;230986,41;936
43186,56944;246,65;246,45;246,65;246,25;1735659;7040
43186,57639;246,45;246,4;246,5;246,35;346452;1406
43186,58333;246,4;246,15;246,4;246,15;615844,19;2501
43186,59028;246,25;246,45;246,5;246,25;516848;2098
43186,59722;246,45;246,1;246,45;246,05;457402,19;1857
43186,60417;246,15;246,45;246,45;246,05;1069571,5;4343
43186,61111;246,45;246,55;246,65;246,45;1282554,63;5202
43186,61806;246,55;245,8;246,55;245,55;1971618,38;8019
43186,625;245,8;245,45;245,8;245,3;895514,81;3648
43186,63194;245,5;245,45;245,55;245,4;899057,88;3663
43186,63889;245,4;246,55;246,55;245,4;2036779,5;8281
43186,64583;246,55;245,7;246,55;245,65;2167681,5;8812
43186,65278;245,7;244,8;245,7;244,75;3372033,25;13757
43186,65972;244,8;245,75;245,75;244,8;1973687,13;8047
43186,66667;245,75;245,3;246;245,15;2557321,75;10416
43186,67361;245,05;245,35;245,4;244,45;2543115,75;10389
43186,68056;245,3;245,2;245,55;245,1;1525555,5;6218
43186,6875;245,2;245,2;245,4;244,85;1795224,63;7325
43186,69444;245,15;245,2;245,55;245,05;4737670;19315
43186,70139;245,2;245,15;245,95;245,1;3681868;15004
43186,70833;245,1;245,05;245,2;244,7;1928694;7874
43186,71528;245;245,2;245,35;244,8;1516143,25;6187
43186,72222;245,15;245,45;245,65;245;2045521,38;8336
43186,72917;245,2;245,2;245,2;245,2;44299540;180667
43187,375;243,05;243,7;243,85;242,95;5389406,5;22161
43187,38194;243,7;242,9;243,85;242,9;1533350,88;6306
43187,38889;242,9;242,45;242,9;242,25;4637671,5;19120
43187,39583;242,4;241,75;242,6;241,75;2802095,25;11571
43187,40278;241,75;241,4;241,8;240,95;4954348;20542
43187,40972;241,35;241,1;241,65;240,85;5397536;22380
43187,41667;241,05;241,05;241,65;240,75;2600983,25;10785
43187,42361;240,95;241,55;241,55;240,75;1343073,5;5569
43187,43056;241,55;241,4;241,55;240,9;1293007,25;5359
43187,4375;241,35;241;241,5;240,9;2266570,5;9401
43187,44444;241;240,25;241;239,95;2522628,5;10498
43187,45139;240,2;240,65;241;240,2;2449369;10183
43187,45833;240,6;241,45;241,5;240,6;1555393;6453
43187,46528;241,4;240,85;241,4;240,8;748007,31;3102
43187,47222;240,75;241,25;241,4;240,75;1739016,5;7213
43187,47917;241,3;241,25;241,75;241,1;957989,06;3968
43187,48611;241,15;241,8;241,95;241,15;1606770,38;6651
43187,49306;241,75;241,15;241,75;241,15;1007021,44;4172
43187,5;241,15;241,2;241,6;241,05;2320573,75;9616
43187,50694;241,15;241,4;241,65;241,05;1553252,25;6435
43187,51389;241,45;241,75;241,85;241,25;1162839,75;4815
43187,52083;241,75;241,45;241,9;241,45;917429,88;3796
43187,52778;241,45;241,9;241,95;241,3;1557509,38;6447
43187,53472;241,9;242,15;242,2;241,85;795697,5;3288
43187,54167;242,2;242,2;242,25;242,1;897806,44;3707
43187,54861;242,1;242,2;242,3;242,1;442245,84;1826
43187,55556;242,2;242,7;242,9;242,1;1091230,88;4498
43187,5625;242,65;242,5;242,65;242,45;622153,44;2565
43187,56944;242,55;242,7;242,8;242,5;597670,63;2463
43187,57639;242,8;243,15;243,15;242,8;1047001,94;4309
43187,58333;243,15;243,5;243,75;243,15;1340076,13;5505
43187,59028;243,45;243,55;243,75;243,25;2211167,75;9084
43187,59722;243,55;243,9;243,95;243,5;1026349,5;4211
43187,60417;243,95;243,4;244,05;243,35;1347021,63;5527
43187,61111;243,35;243;243,45;242,95;1392997,88;5729
43187,61806;243,1;242,6;243,2;242,55;1089639;4486
43187,625;242,65;242,7;242,8;242,25;1207695,63;4981
43187,63194;242,55;242,8;242,9;242,4;660016,31;2720
43187,63889;242,8;242,8;243,1;242,8;997609,38;4106
43187,64583;242,75;242,25;243,05;242,15;2064262;8510
43187,65278;242,25;242,8;242,85;241,7;3165184;13072
43187,65972;242,75;243,3;243,3;242,45;2332718,25;9603
43187,66667;243,35;243,4;243,65;243,05;2368904,5;9734
43187,67361;243,35;242,8;243,45;242,45;2925477,75;12041
43187,68056;242,8;242,75;243,05;242,5;1531781;6311
43187,6875;242,75;242,4;243,1;242,1;3077674,5;12691
43187,69444;242,45;241,7;242,45;241,45;4727211;19561
43187,70139;241,6;242,25;242,3;241,4;4180779,5;17288
43187,70833;242,2;243,15;243,2;242,2;3269119,5;13466
43187,71528;243,2;243,15;243,25;242,25;3843134;15820
43187,72222;243,1;243;243,45;242,65;4825520,5;19855
43187,72917;243,9;243,9;243,9;243,9;39726172;162879
43188,375;246,15;246,7;246,9;245,2;7454117,5;30279
43188,38194;246,75;247,1;247,4;246,55;5143190;20815
43188,38889;247,15;247,05;247,3;246,6;4580201;18544
43188,39583;247,1;247,05;247,1;246,35;3411246,25;13830
43188,40278;247;247,85;248;246,95;3386349,25;13686
43188,40972;247,95;247,3;248,15;247,2;2204721,5;8903
43188,41667;247,3;247;247,3;246,85;2496326,25;10104
43188,42361;246,95;246,9;247,25;246,8;1217271,5;4928
43188,43056;246,95;246,45;247,1;246,3;992004,88;4022
43188,4375;246,45;247;247;246,45;1456994;5905
43188,44444;247;247,25;247,25;246,8;1777065,13;7197
43188,45139;247,2;247,15;247,6;246,95;1680613,25;6798
43188,45833;247,1;247,45;247,6;246,9;1271653,5;5143
43188,46528;247,45;247,2;247,6;247,05;1210248,25;4895
43188,47222;247,2;247,55;247,6;247,1;1161032,25;4695
43188,47917;247,35;247,55;247,8;247,3;1629492,88;6583
43188,48611;247,65;247,5;247,65;247,3;1113258;4497
43188,49306;247,5;248,25;248,25;247,5;2432279,75;9808
43188,5;248,15;247,65;248,15;247,45;953000,25;3848
43188,50694;247,55;247,55;247,65;247,3;524094,94;2118
43188,51389;247,35;247,65;247,65;247,3;608229,75;2458
43188,52083;247,85;247,7;247,85;247,55;519885,09;2099
43188,52778;247,7;247,75;247,9;247,6;634961,56;2563
43188,53472;247,8;247,65;247,9;247,55;692451,38;2795
43188,54167;247,7;247,65;247,8;247,6;748816,5;3023
43188,54861;247,45;247,7;247,75;247,45;642554,69;2595
43188,55556;247,7;247,95;248;247,7;610616,44;2464
43188,5625;247,95;247,85;248,1;247,85;1067761,63;4306
43188,56944;247,8;248,05;248,05;247,8;649587,06;2620
43188,57639;248,05;248,65;248,7;248,05;1022571,13;4117
43188,58333;248,6;248,95;248,95;248,55;1663245,63;6688
43188,59028;248,95;249;249,1;248,9;944440,56;3793
43188,59722;249,05;249,65;249,75;249;1252095,5;5023
43188,60417;249,65;249,8;249,95;249,4;2258191;9045
43188,61111;249,8;250,35;250,35;249,8;1635815,13;6539
43188,61806;250,35;250,65;250,7;250,15;1096542,63;4378
43188,625;250,65;250,85;250,95;250,6;2706301,25;10791
43188,63194;250,85;250,35;250,95;250,35;933758,69;3727
43188,63889;250,35;250;250,4;249,95;2240872;8957
43188,64583;250;250,35;250,65;250;1894179,88;7565
43188,65278;250,35;250;250,35;249,65;1814104,13;7259
43188,65972;250,1;250,05;250,3;249,8;3262784,75;13048
43188,66667;250,05;249,85;250,2;249,85;2463560,75;9853
43188,67361;249,75;250,6;250,6;249,75;1975317,25;7895
43188,68056;250,65;250,7;250,75;250,4;1791422,38;7148
43188,6875;250,7;250,75;250,85;250,55;3561297,75;14203
43188,69444;250,8;251,1;251,15;250,8;2557091,5;10190
43188,70139;251,15;252,1;252,1;250,9;3905962,75;15534
43188,70833;252,1;252,2;252,35;251,8;3228676,5;12806
43188,71528;252,15;251,3;252,25;251,3;2950269;11721
43188,72222;251,3;250,95;251,3;250,9;3885403,25;15475
43188,72917;250,2;250,2;250,2;250,2;75169648;300438
43193,375;249,05;249,3;249,7;248,85;7549888;30307
43193,38194;249,4;249,5;249,85;248,95;1259087,75;5049
43193,38889;249,55;250,1;250,25;249,4;3979340,5;15926
43193,39583;250,05;249,45;250,05;249,3;2278213,75;9128
43193,40278;249,45;249,5;249,55;249,1;3321876,25;13324
43193,40972;249,5;249,4;250,05;249,4;2365655,25;9474
43193,41667;249,45;249,2;249,7;248,8;4858427,5;19494
43193,42361;249,15;248,9;249,4;248,8;1965374,5;7889
43193,43056;248,9;249,2;249,35;248,8;1899465,5;7627
43193,4375;249,2;248,85;249,45;248,8;2437147,25;9783
43193,44444;248,9;249,35;249,65;248,75;1616235,63;6487
43193,45139;249,3;248,95;249,3;248,95;1252267,75;5026
43193,45833;248,9;249,05;249,4;248,75;1213856,5;4874
43193,46528;249;248,75;249,15;248,7;1208434,13;4854
43193,47222;248,75;249,45;249,45;248,75;1786405,25;7172
43193,47917;249,35;249,9;250,1;249,3;4299402,5;17214
43193,48611;249,9;250,25;250,55;249,9;1760917,5;7036
43193,49306;250,25;249,9;250,25;249,8;1396020,75;5585
43193,5;249,8;250,15;250,2;249,75;1471335,25;5887
43193,50694;250,15;250,7;250,8;250,05;1196085,5;4775
43193,51389;250,75;250,55;250,85;250,4;1034427,5;4127
43193,52083;250,55;251,2;251,3;250,55;1753384,75;6985
43193,52778;251,25;251,55;251,65;251,05;2957225,75;11765
43193,53472;251,55;251,45;251,9;251,25;1534763,75;6101
43193,54167;251,5;251,05;251,5;250,8;1006239,5;4008
43193,54861;251,05;251,1;251,45;251,05;842692,63;3354
43193,55556;251,1;250,95;251,3;250,85;1489386,63;5932
43193,5625;251;251,4;251,55;250,95;1387496,25;5521
43193,56944;251,4;251,2;251,4;251,1;743496,06;2959
43193,57639;251,15;251,2;251,3;251,1;636754,13;2535
43193,58333;251,2;251,5;251,65;251,15;1249394,13;4969
43193,59028;251,5;251,8;251,8;251,25;973422,5;3870
43193,59722;251,75;252,3;252,3;251,75;1868514,38;7414
43193,60417;252,35;252,3;252,45;252,15;2389257;9469
43193,61111;252,25;252,8;252,9;252,15;2720266,25;10768
43193,61806;252,8;253,5;253,5;252,65;2282191,5;9019
43193,625;253,45;254,1;254,3;253,35;6182962;24338
43193,63194;254,05;254,4;254,5;253,95;3477643,5;13681
43193,63889;254,4;254,2;254,6;254,05;4369470,5;17178
43193,64583;254,2;254,6;254,6;254,1;3405677,5;13390
43193,65278;254,6;255,25;255,45;254,5;11622065;45568
43193,65972;255,25;255,05;255,5;254,95;5142923,5;20162
43193,66667;255,15;255;255,15;254,7;4643344,5;18220
43193,67361;254,95;254,9;255,3;254,7;5374857;21081
43193,68056;254,95;255,45;255,45;254,85;5191038,5;20358
43193,6875;255,4;254,9;255,45;254,9;3360564;13172
43193,69444;254,9;254,9;255,15;254,65;4943099;19389
43193,70139;254,8;255,2;255,4;254,7;3712824,25;14552
43193,70833;255,15;255,75;255,8;255,15;5665077;22178
43193,71528;255,75;255,95;256,05;255,65;6557918,5;25639
43193,72222;255,95;256,2;256,3;255,85;10100768;39446
43193,72917;256;256;256;256;68435712;267327
43194,375;256,6;256,35;257,5;256;11545484;44965
43194,38194;256,35;256,25;256,6;256;4638161,5;18096
43194,38889;256,25;256,3;256,65;256;5164944,5;20152
43194,39583;256,25;256,55;256,7;256,1;4081927,25;15919
43194,40278;256,55;255,6;256,85;255,6;6353601,5;24773
43194,40972;255,55;254,65;255,7;254,5;7473814;29296
43194,41667;254,6;253,25;254,7;253,15;5856138;23054
43194,42361;253,35;253,1;253,35;251,85;4963791,5;19645
43194,43056;253,15;252,95;253,15;252,4;3344155,75;13232
43194,4375;252,9;253,6;253,6;252,2;2894613,75;11459
43194,44444;253,5;253,45;253,7;253,3;1822607,13;7189
43194,45139;253,35;253,95;254,05;253,35;2216265,75;8737
43194,45833;254;254,15;254,4;253,6;4193314,75;16511
43194,46528;254,15;254,2;254,7;254,05;1149153;4518
43194,47222;254,1;254,1;254,55;254;1541347,5;6063
43194,47917;254,1;254,1;254,2;254;4793391;18868
43194,48611;254;254,05;254,15;254;1662576,88;6544
43194,49306;254,1;254,05;254,2;253,95;1758921,38;6923
43194,5;254,05;253,95;254,1;253,95;2645924,5;10417
43194,50694;253,95;253,65;254,05;253,65;10445213;41132
43194,51389;253,6;253,15;253,6;253,1;3902671;15406
43194,52083;253,2;252,8;253,5;252,8;11461731;45291
43194,52778;252,85;252,35;252,95;252,05;8946207;35430
43194,53472;252,4;252,5;252,9;252,3;3898620,5;15437
43194,54167;252,5;251,75;252,5;251,75;7666703,5;30389
43194,54861;251,75;252,05;252,05;251,6;4234011;16812
43194,55556;252;252;252,2;251,9;2692189,75;10682
43194,5625;251,95;252,2;252,45;251,95;3060840,5;12136
43194,56944;252,2;251,8;252,2;251,75;2228818,5;8844
43194,57639;251,75;251,7;251,9;251,6;1838913,75;7305
43194,58333;251,6;252,3;252,5;251,6;2111505,5;8372
43194,59028;252,25;252,3;252,75;252,25;1908485,13;7558
43194,59722;252,25;252,3;252,4;251,8;1771851,5;7028
43194,60417;252,3;252,1;252,5;252,1;1168702,88;4633
43194,61111;252,05;252,4;252,45;252,05;1165369,25;4618
43194,61806;252,4;252,3;252,7;252,3;1224358,63;4849
43194,625;252,25;252,25;252,45;252,25;1580031,5;6262
43194,63194;252,3;252,05;252,4;251,95;1987147,38;7878
43194,63889;252,1;251,95;252,2;251,7;2212051,75;8779
43194,64583;251,95;252,4;252,4;251,75;8208994;32565
43194,65278;252,4;254,05;254,2;252,4;4694440,5;18519
43194,65972;254,1;254,3;254,35;253,9;2549044,75;10032
43194,66667;254,25;254,4;254,8;253,9;3504152,75;13779
43194,67361;254,35;254,7;254,75;254,25;3566457,25;14017
43194,68056;254,65;255,1;255,4;254,55;3352735,5;13153
43194,6875;255,25;254,35;255,25;254,25;3985197,5;15652
43194,69444;254,4;255,15;255,2;254,2;4876855;19155
43194,70139;255,2;255,7;255,75;255,05;12701436;49729
43194,70833;255,65;255,2;255,8;255,1;6072580,5;23776
43194,71528;255,25;254,9;255,45;254,8;6666678,5;26140
43194,72222;254,9;255,9;256,05;254,9;9512948;37228
43194,72917;255,85;255,85;255,85;255,85;38653828;151080
43195,375;258;259,55;259,9;257,2;11520333;44565
43195,38194;259,4;259,8;260;259,4;3314520,5;12756
43195,38889;259,8;259,75;259,95;259,4;2648052,75;10196
43195,39583;259,7;259,55;259,95;259,55;2753005,5;10597
43195,40278;259,6;259,55;259,6;259,05;3199847;12339
43195,40972;259,5;259,15;259,55;259;2001649,5;7721
43195,41667;259,1;259,15;259,35;259,05;2015506,25;7776
43195,42361;259,15;259,35;259,5;259,05;2202348;8495
43195,43056;259,3;259,35;259,4;259,2;950512,19;3666
43195,4375;259,35;259,2;259,35;258,9;2178177,25;8407
43195,44444;259,2;259;259,2;258,8;1009465,81;3898
43195,45139;258,95;258,6;259,05;258,6;1236930,25;4778
43195,45833;258,6;258,8;258,95;258,6;1838808,75;7107
43195,46528;258,75;258,9;259,25;258,75;1227146,25;4738
43195,47222;258,9;259,1;259,2;258,9;1878855;7254
43195,47917;259,05;259,1;259,1;258,75;1558842,38;6021
43195,48611;258,95;258,9;259,1;258,8;1469750,13;5676
43195,49306;258,9;259,3;259,5;258,9;2131353,5;8222
43195,5;259,35;259,7;259,7;259,2;1849765,88;7129
43195,50694;259,7;259,8;259,85;259,65;1447958,25;5574
43195,51389;259,8;259,8;260;259,7;2249908,75;8658
43195,52083;259,8;259,9;260,05;259,7;6166063;23718
43195,52778;259,95;260,4;260,45;259,9;1987374,75;7640
43195,53472;260,45;260,65;260,65;260,25;2272058,5;8725
43195,54167;260,65;260,65;260,9;260,45;2063548;7917
43195,54861;260,65;260,85;260,95;260,65;1115613,75;4278
43195,55556;260,9;260,85;261,05;260,75;1885764,13;7227
43195,5625;260,9;261,1;261,4;260,85;1920141,38;7351
43195,56944;261,15;261,05;261,2;260,9;1191161,88;4563
43195,57639;261,1;261,1;261,15;260,95;1997024,88;7650
43195,58333;261,1;261,45;261,5;261,05;1247324,88;4773
43195,59028;261,45;261,7;261,7;261,4;1662665,13;6356
43195,59722;261,65;262,05;262,05;261,6;1711691;6538
43195,60417;262,05;262,8;262,85;261,9;2798359;10665
43195,61111;262,8;262,75;263,15;262,45;2529724,75;9626
43195,61806;262,75;262,5;263,15;262,5;2673939,75;10170
43195,625;262,45;262,4;262,6;262,4;1649116,13;6283
43195,63194;262,35;262,2;262,45;261,95;2431229;9272
43195,63889;262,15;262,45;262,5;262,15;1445581,75;5510
43195,64583;262,4;262,2;262,45;262;2646795,75;10092
43195,65278;262,2;261,65;262,2;261,5;2498542,25;9545
43195,65972;261,65;262,1;262,1;261,6;1680134,63;6416
43195,66667;262,05;261,9;262,05;261,8;2454469,25;9372
43195,67361;261,95;262,1;262,65;261,9;2489359,75;9491
43195,68056;262,15;262,6;262,6;262,15;2118450;8073
43195,6875;262,6;262,7;262,75;262,4;2670550;10170
43195,69444;262,7;262,3;262,75;262,2;2466582;9397
43195,70139;262,25;262,35;262,65;262,25;2217939,25;8452
43195,70833;262,35;263,3;263,35;262,25;4526830;17224
43195,71528;263,25;263,3;263,3;262,65;4662908,5;17733
43195,72222;263,25;263,7;263,95;263,25;5430378;20599
43195,72917;264,5;264,5;264,5;264,5;104522144;395169
43196,375;263,15;263,45;263,85;262,65;4496603,5;17084
43196,38194;263,5;263,65;263,8;263,35;2568235,5;9745
43196,38889;263,65;264,35;264,55;263,5;4083737;15455
43196,39583;264,35;264,15;264,35;263,95;2751430,75;10417
43196,40278;264,2;264;264,3;263,95;2044456,25;7742
43196,40972;264;263,8;264,1;263,75;2231341,25;8455
43196,41667;263,85;263,85;264;263,6;2253491;8542
43196,42361;263,9;263,6;264,05;263,45;2554363;9683
43196,43056;263,6;263,7;263,7;263,5;1456891,75;5528
43196,4375;263,7;263,1;263,7;262,95;4155285,75;15777
43196,44444;263,15;263;263,45;263;2526043,25;9600
43196,45139;263,05;262,7;263,05;262,65;1017910,56;3873
43196,45833;262,65;262,95;262,95;262,45;2284232,25;8694
43196,46528;262,9;262,9;263,2;262,8;2005687,5;7627
43196,47222;262,85;262,9;263;262,75;2244946;8541
43196,47917;262,95;262,75;262,95;262,45;1715068,75;6529
43196,48611;262,75;262,4;262,9;262,4;1834219,25;6982
43196,49306;262,35;262,4;262,9;262,35;3440814,25;13102
43196,5;262,4;262,55;263,05;262,35;2496685,25;9500
43196,50694;262,55;262,65;262,65;262,4;933760;3557
43196,51389;262,6;262,7;262,9;262,6;1108146;4217
43196,52083;262,7;262,7;262,95;262,55;1417720,88;5395
43196,52778;262,7;262,5;262,8;262,5;875210,13;3332
43196,53472;262,55;263;263;262,55;1035920,75;3943
43196,54167;263;262,6;263;262,6;1182751,75;4501
43196,54861;262,6;262,75;263,3;262,6;1714225,75;6522
43196,55556;262,8;262,55;262,95;262,45;1156243,25;4402
43196,5625;262,55;263,1;263,15;262,45;1652334,88;6290
43196,56944;263,15;262,5;263,2;262,5;1221951,88;4650
43196,57639;262,55;262,7;262,75;262,5;1109930,75;4227
43196,58333;262,7;262,8;262,85;262,65;1173881,75;4468
43196,59028;262,75;262,9;263,05;262,65;1855115,38;7057
43196,59722;262,9;262,7;262,95;262,45;1933062,38;7359
43196,60417;262,55;263,1;263,15;262,2;3761180,5;14319
43196,61111;263,15;263,6;263,75;263,05;2002466,38;7601
43196,61806;263,6;263,7;263,7;263,15;1521778,25;5775
43196,625;263,75;263,3;264;263,15;3205525,5;12154
43196,63194;263,35;263,55;263,6;263,05;1514558,13;5754
43196,63889;263,6;263,7;263,8;263,4;1165583;4422
43196,64583;263,65;264,05;264,2;263,55;2839572,25;10759
43196,65278;264,1;264,1;264,25;263,75;3101926,25;11750
43196,65972;264,2;263,85;264,25;263,85;5091316,5;19274
43196,66667;263,9;263,65;264,05;263,4;2014870,25;7638
43196,67361;263,65;263,6;263,8;263,3;2903736;11015
43196,68056;263,6;263,55;264,05;263,45;2868071,5;10875
43196,6875;263,6;263,2;263,7;263;3346369,5;12711
43196,69444;263,15;262,65;263,3;262,6;3347018;12730
43196,70139;262,65;263,25;263,4;262,5;4138991,25;15734
43196,70833;263,2;262,4;263,2;262,15;6987875;26633
43196,71528;262,35;262,75;263;262,3;3652247,75;13900
43196,72222;262,8;262,35;263,05;262,1;4545856,5;17317
43196,72917;262,6;262,6;262,6;262,6;50440228;192080
43199,375;264;262,8;264,05;262,65;7207466,5;27351
43199,38194;262,65;263;263,1;262,5;4747172,5;18063
43199,38889;263;263,9;264,1;262,95;6079675,5;23058
43199,39583;263,95;263,85;264,05;263,6;6133958;23250
43199,40278;263,9;263,75;264,1;263,7;4740777,5;17961
43199,40972;263,9;263,95;264,05;263,75;1585152,5;6007
43199,41667;264;264,15;264,4;263,85;2025020,13;7666
43199,42361;264,1;263,9;264,2;263,75;3854043,25;14600
43199,43056;263,95;264,15;264,15;263,9;1407995,13;5333
43199,4375;264,1;264,35;264,45;264,1;2039017,25;7716
43199,44444;264,35;264,4;264,55;264,2;1557581,63;5891
43199,45139;264,35;263,95;264,55;263,95;1049869,38;3972
43199,45833;263,9;264,1;264,1;263,8;1268626;4806
43199,46528;264,15;264,2;264,3;264;1336662,5;5060
43199,47222;264,2;264,25;264,45;264,2;620847,38;2349
43199,47917;264,25;264,6;264,6;264,25;589398,31;2229
43199,48611;264,55;264,25;264,55;264,25;1017141,5;3847
43199,49306;264,2;264,1;264,25;264;1003137,88;3798
43199,5;264,1;264,05;264,1;263,85;783994,31;2970
43199,50694;264;264,4;264,5;264;1719068,75;6505
43199,51389;264,35;264,3;264,4;264,25;644938;2440
43199,52083;264,3;264,35;264,4;264,2;689246,25;2608
43199,52778;264,4;264,35;264,55;264,35;381331,25;1442
43199,53472;264,35;263,8;264,35;263,8;613497,63;2324
43199,54167;263,75;264;264;263,65;1055284,5;4000
43199,54861;264;263,8;264,15;263,7;1834223,38;6949
43199,55556;263,8;263,65;263,85;263,6;1794958,25;6805
43199,5625;263,7;263,3;263,75;263,1;2196058,75;8338
43199,56944;263,25;263;263,25;262,8;1722479,13;6549
43199,57639;262,95;263,15;263,35;262,95;2601298,75;9885
43199,58333;263,05;262,85;263,15;262,6;2372445,75;9024
43199,59028;262,85;262,3;262,85;262,25;3028698,25;11541
43199,59722;262,25;262,25;262,45;262;3257907;12428
43199,60417;262,2;262,35;262,5;262;1521835,25;5802
43199,61111;262,4;262,45;262,55;262,35;2259250,5;8608
43199,61806;262,5;261,9;262,55;261,8;3664783,25;13976
43199,625;261,9;261,55;262;261,3;6385903,5;24419
43199,63194;261,45;262;262,05;261,4;1590913,88;6078
43199,63889;262;262;262,15;261,8;5717492;21828
43199,64583;262;261,1;262,05;261,1;1769683,38;6765
43199,65278;261,1;261,8;262;261,1;3258413,25;12465
43199,65972;261,85;261,75;262;261,65;2986739,5;11408
43199,66667;261,65;261,45;262;261,4;3087303;11799
43199,67361;261,45;261,75;262,15;261,35;3265944,5;12473
43199,68056;261,75;261,95;262,2;261,7;2302510,75;8788
43199,6875;262;262,05;262,15;261,6;11795570;45026
43199,69444;262,05;262,6;262,7;261,9;2291916,5;8739
43199,70139;262,65;262,1;262,75;261,85;5595389;21347
43199,70833;262,15;261,6;262,3;261,35;3280963,25;12529
43199,71528;261,6;262;262,2;261,6;2932587;11198
43199,72222;261,95;262,2;262,2;261,75;3466031,25;13229
43199,72917;262,25;262,25;262,25;262,25;28936140;110338
43200,375;274,05;276,9;276,9;273,35;52460784;190925
43200,38194;276,95;275,1;277,25;274,75;16263873;58949
43200,38889;275,05;275,15;275,8;274,8;13269871;48213
43200,39583;275,25;275,6;275,95;275,15;10949296;39738
43200,40278;275,6;275,35;275,6;274,95;11426690;41502
43200,40972;275,35;275,5;276,35;274,8;14060556;51012
43200,41667;275,45;275,95;276,2;275,15;10288639;37306
43200,42361;275,9;275,8;276,05;275,6;4074124;14773
43200,43056;275,85;276,5;276,5;275,8;6204757;22464
43200,4375;276,5;275,95;276,5;275,9;4608062,5;16674
43200,44444;275,95;276,25;276,35;275,9;7664650,5;27751
43200,45139;276,2;276,15;276,2;276;5070963,5;18368
43200,45833;276,2;276,05;276,5;276;3738781,75;13533
43200,46528;276,05;276,15;276,2;275,9;6521276;23625
43200,47222;276,2;275,95;276,3;275,8;9504204;34437
43200,47917;275,85;275,75;276,05;275,55;6963733;25248
43200,48611;275,8;275,85;276;275,75;2337740;8474
43200,49306;275,8;275,6;275,85;275,45;6917605;25093
43200,5;275,6;275,3;275,9;275,2;4476922;16245
43200,50694;275,3;275,4;275,5;275,1;2442494,5;8874
43200,51389;275,4;275,1;275,45;275;2782890,25;10114
43200,52083;275,05;275,2;275,2;275;2316147,75;8419
43200,52778;275,2;275,85;275,85;275,2;2607511,75;9463
43200,53472;275,85;275;275,85;275;1646232,38;5976
43200,54167;275,05;274,4;275,05;274,4;3414920,25;12428
43200,54861;274,35;273,95;274,4;273,9;6741536,5;24592
43200,55556;273,85;274,05;274,15;273,8;3780568;13798
43200,5625;274,05;273,95;274,15;273,7;4659035,5;17006
43200,56944;273,9;272,6;274;272,55;5555666;20316
43200,57639;272,6;272,4;272,7;272,1;7223136,5;26518
43200,58333;272,3;272,05;272,35;271,35;4949721,5;18206
43200,59028;272,1;271,95;272,1;271,5;2606919,25;9588
43200,59722;271,9;273;273,05;271,8;2320956;8518
43200,60417;272,95;273,1;273,25;272,7;2624580,25;9614
43200,61111;273,1;273,4;273,5;273,05;3428041,5;12540
43200,61806;273,4;273,4;273,65;273,15;3855181;14100
43200,625;273,35;274,2;274,3;273,35;4158949,75;15184
43200,63194;274,25;274,25;274,55;274;5428079,5;19801
43200,63889;274,2;273,95;274,2;273,9;3453615,75;12605
43200,64583;273,95;273,25;274;272,65;7553124,5;27627
43200,65278;273,25;272,4;273,25;271,85;7611152;27936
43200,65972;272,35;272,6;272,6;271,9;8042718;29551
43200,66667;272,5;272,4;272,7;272,2;3478447,25;12766
43200,67361;272,35;272,65;272,8;272,35;7312139,5;26831
43200,68056;272,7;272,85;273,15;272,5;9301230;34083
43200,6875;272,9;273,3;273,45;272,8;6246268,5;22868
43200,69444;273,3;273,45;273,55;273,1;5474515,5;20031
43200,70139;273,5;274;274,1;273,5;5899655;21540
43200,70833;274,05;274;274,3;273,95;5865680;21405
43200,71528;274,05;274,1;274,55;273,95;4073809,5;14856
43200,72222;274,1;274,6;274,7;274;5948290;21676
43200,72917;275,15;275,15;275,15;275,15;75226608;273402
43201,375;275,1;273,8;275,25;273,65;4894082;17823
43201,38194;273,8;274,35;274,7;273,35;2843877,5;10374
43201,38889;274,4;274,4;274,7;274,05;3221348;11739
43201,39583;274,45;275,35;275,45;274,3;2762049,5;10051
43201,40278;275,4;275,5;275,8;275,3;2737215,25;9934
43201,40972;275,5;275,3;275,75;275,05;2809375,25;10198
43201,41667;275,35;275,1;275,7;275,1;2250869,75;8172
43201,42361;275,15;275,1;275,25;274,95;10019818;36427
43201,43056;275,1;275,55;275,6;275,1;6134576;22274
43201,4375;275,6;275,8;275,8;275,3;8000717,5;29039
43201,44444;275,8;275,85;275,95;275,55;3008335,25;10909
43201,45139;275,75;276,25;276,25;275,7;3071796,75;11130
43201,45833;276,25;276,2;276,45;276;1488807,75;5390
43201,46528;276,2;276,6;276,8;276,15;2107616,75;7621
43201,47222;276,45;276,4;276,7;276,3;1365319,25;4938
43201,47917;276,45;276,4;276,6;276,4;786409,25;2844
43201,48611;276,35;276,35;276,5;276,15;1229109,75;4448
43201,49306;276,35;276;276,35;275,9;1236080,38;4477
43201,5;276;275,85;276,15;275,6;1399545,38;5072
43201,50694;275,85;275,75;276;275,25;1997899,13;7251
43201,51389;275,7;275,25;275,75;275,2;1747724,75;6344
43201,52083;275,25;275,5;275,55;275,05;1442293;5238
43201,52778;275,5;275,8;275,85;275,4;2252441,5;8175
43201,53472;275,8;275,2;275,8;275,1;1173970,13;4264
43201,54167;275,15;274;275,2;274;3481111,25;12674
43201,54861;274;274;274,25;273,65;3335893,5;12172
43201,55556;273,85;274,25;274,35;273,55;2168327,75;7917
43201,5625;274,2;274,1;274,35;274;1553368,88;5666
43201,56944;274,1;274,9;274,9;274,1;1150800,88;4190
43201,57639;274,9;275,3;275,3;274,9;873838,81;3177
43201,58333;275,3;275,15;275,3;274,75;1348419;4903
43201,59028;275,15;275,15;275,25;275;1118540,63;4066
43201,59722;275,15;275,3;275,3;274,95;1159301,63;4214
43201,60417;275,25;275,3;275,45;275;1334254,88;4847
43201,61111;275,3;275,85;275,85;275,2;2817689;10227
43201,61806;275,9;276,05;276,2;275,9;3247530,75;11764
43201,625;275,9;276,1;276,15;275,85;2955736,75;10709
43201,63194;276,05;276,2;276,25;276;560462,06;2030
43201,63889;276,25;276,8;276,8;276,2;2914615,5;10541
43201,64583;276,75;277,05;277,3;276,7;5869541;21192
43201,65278;277,1;277,4;277,55;276,95;2107414,5;7602
43201,65972;277,4;277,85;277,95;277,4;3081129,25;11091
43201,66667;277,85;277,75;277,9;277,7;1608372,25;5790
43201,67361;277,8;277,7;277,85;277,55;1781430;6416
43201,68056;277,7;277,75;277,85;277,65;1852223,13;6668
43201,6875;277,85;277,8;277,9;277,75;3221938;11597
43201,69444;277,8;277,75;277,85;277,3;3082636,25;11107
43201,70139;277,7;277,45;277,9;277,45;3911083;14080
43201,70833;277,45;276,6;277,6;276,5;4295986,5;15502
43201,71528;276,6;277,05;277,05;276,55;3507603,5;12670
43201,72222;277;277,75;277,75;276,9;5969439;21536
43201,72917;278,25;278,25;278,25;278,25;47676476;171344
43202,375;278,25;277,05;278,25;276,9;9274943;33373
43202,38194;277,1;276,05;277,1;276,05;3063660,75;11081
43202,38889;276,1;277,3;277,4;276,05;5143294;18596
43202,39583;277,15;277,35;277,6;276,85;4217662;15214
43202,40278;277,3;277,35;277,45;276,9;4192145,5;15123
43202,40972;277,4;277,3;277,55;277,05;3095544,25;11164
43202,41667;277,3;277,2;277,55;277,1;3441684,75;12410
43202,42361;277,15;277,1;277,2;276,8;1824258,5;6586
43202,43056;277,15;277,05;277,35;277;2408242;8688
43202,4375;277,05;277,15;277,15;276,75;3367795,75;12161
43202,44444;277,15;276,65;277,25;276,65;2148788,5;7758
43202,45139;276,65;277,1;277,1;276,55;1356044,63;4900
43202,45833;277,15;277,65;277,85;277,1;2457482;8854
43202,46528;277,65;277,95;277,95;277,65;863256,25;3108
43202,47222;278;278,2;278,4;277,8;1689140,38;6074
43202,47917;278,15;278,25;278,4;277,95;1663342,13;5979
43202,48611;278,35;278,15;278,6;278,15;1436282,63;5159
43202,49306;278,15;278,35;278,9;278,15;2848325,25;10227
43202,5;278,3;278,5;278,8;278,25;1730325,88;6211
43202,50694;278,55;279,2;279,2;278,4;1782781,38;6396
43202,51389;279,25;279,5;279,6;279,1;1420997,13;5087
43202,52083;279,6;279,6;279,75;279,4;2300180,5;8228
43202,52778;279,65;279,5;279,65;279,4;2216954,25;7931
43202,53472;279,5;279,75;279,85;279,45;2826126,75;10108
43202,54167;279,85;279,7;279,85;279,6;1135826,63;4060
43202,54861;279,7;279,55;279,7;279,35;980339,44;3507
43202,55556;279,55;279,6;279,7;279,5;604428,94;2162
43202,5625;279,65;279,65;279,85;279,5;2597862,25;9291
43202,56944;279,65;279,55;279,7;279,55;1406965;5032
43202,57639;279,6;279,55;279,75;279,5;1943257,38;6949
43202,58333;279,55;279,5;279,65;279,45;1548967,88;5541
43202,59028;279,5;279,6;279,6;279,4;986034,38;3528
43202,59722;279,6;279,6;279,75;279,55;892079,31;3190
43202,60417;279,65;279,6;279,9;279,6;2462123,5;8800
43202,61111;279,6;279,35;279,6;279,2;2084191,25;7460
43202,61806;279,35;279,3;279,35;279,05;1092607,25;3913
43202,625;279,3;279,95;280;279,3;6349095;22681
43202,63194;279,95;280,25;280,25;279,8;2575832;9200
43202,63889;280,2;280,25;280,4;279,95;1951138,13;6963
43202,64583;280,35;280,55;280,65;280,2;2379343,75;8484
43202,65278;280,6;280,45;280,85;280,4;2556652;9112
43202,65972;280,45;280,3;280,7;280,3;3195842,5;11392
43202,66667;280,3;280,25;280,55;280,15;2798639,5;9984
43202,67361;280,3;280,2;280,55;280,2;2537560,5;9051
43202,68056;280,25;280,1;280,35;280;2586696,25;9235
43202,6875;280,1;280,25;280,3;280;1743306,5;6224
43202,69444;280,25;280,4;280,55;280,2;4171661,75;14881
43202,70139;280,45;279,85;280,6;279,75;2203821,75;7867
43202,70833;279,85;280,3;280,3;279,75;3566538,75;12741
43202,71528;280,25;280,4;280,55;280,1;5321684,5;18988
43202,72222;280,45;280,35;280,5;280,05;3206084,5;11438
43202,72917;281;281;281;281;59151048;210502
43203,375;280,8;280,25;280,85;279,85;6874381;24499
43203,38194;280,35;281,35;281,55;280,1;3530225,5;12566
43203,38889;281,3;280,95;281,3;280,8;1882393,5;6699
43203,39583;280,95;281,3;281,4;280,85;2377987;8460
43203,40278;281,3;280,7;281,55;280,6;1263243,63;4495
43203,40972;280,7;281,2;281,2;280,6;1508136,25;5369
43203,41667;281,25;281,5;281,7;281;1760686,88;6256
43203,42361;281,45;281,5;281,55;281,2;1534724,25;5455
43203,43056;281,45;281,7;281,75;281,4;1402265,75;4980
43203,4375;281,75;281,3;281,85;281,25;1415064,88;5026
43203,44444;281,25;281,35;281,4;281,1;1762772,13;6268
43203,45139;281,35;281,45;281,55;281,15;1213254,13;4312
43203,45833;281,45;281,25;281,6;281,05;1890942,13;6722
43203,46528;281,3;281,5;281,5;281,2;1049881,75;3732
43203,47222;281,55;280,7;281,7;280,5;6268898,5;22316
43203,47917;280,7;280,85;281,05;280,7;2103671;7488
43203,48611;280,9;281,25;281,35;280,75;2344394;8342
43203,49306;281,3;281,95;282,15;281,3;3428918,25;12169
43203,5;281,9;281,8;282;281,45;1522199,5;5404
43203,50694;281,8;281,75;281,95;281,75;933827,25;3313
43203,51389;281,7;281,6;282;281,6;1428729,5;5069
43203,52083;281,6;281,75;281,75;281,4;1182623,88;4200
43203,52778;281,75;281,85;281,95;281,75;573833,88;2036
43203,53472;281,95;281,85;282,05;281,75;1364134,75;4839
43203,54167;281,85;281,9;282,15;281,75;1055466,5;3743
43203,54861;282;281,9;282,15;281,8;1166492,13;4137
43203,55556;281,9;282,15;282,2;281,9;1228268,88;4355
43203,5625;282,15;282;282,25;281,95;842428,5;2986
43203,56944;281,95;282,15;282,15;281,85;748064,06;2653
43203,57639;282,2;282,35;282,45;282,2;1070890,88;3793
43203,58333;282,4;282,25;282,45;282,1;1416663,75;5018
43203,59028;282,2;282,6;282,65;282,15;3147107,5;11144
43203,59722;282,65;282,65;282,7;282,55;818786,25;2897
43203,60417;282,7;282,65;282,9;282,6;1308221;4627
43203,61111;282,65;282,55;282,8;282,45;1602584,38;5671
43203,61806;282,5;282,6;282,9;282,5;878635,13;3108
43203,625;282,65;282,4;282,65;282,3;1629496,88;5769
43203,63194;282,4;282,6;282,7;282,4;1089285,25;3855
43203,63889;282,6;282,8;282,85;282,6;1491157,5;5274
43203,64583;282,75;282,65;282,85;282,35;3209491,25;11358
43203,65278;282,65;282,65;282,9;282,6;3338476;11808
43203,65972;282,65;282,2;282,85;282,15;2966979,25;10501
43203,66667;282,2;282,4;282,75;282,2;4364968;15449
43203,67361;282,45;282,3;282,5;282,2;2983501,75;10566
43203,68056;282,25;281,5;282,25;281,2;3991710,25;14173
43203,6875;281,5;281,35;281,7;281,15;3743472,75;13300
43203,69444;281,35;281,45;281,55;281,35;665399,69;2364
